ФИО,Диссертационный совет,Название диссертации,Дата защиты диссертации,Специальность,1 Научный руководитель (консультант),2 Научный руководитель (консультант),Год защиты,Искомая степень,Информация о лишении степени,Примечания
Попов Сергей Валерьевич,Д 215.002.05,Оптимизация эндоскопических методов лечения при заболеваниях верхних мочевыводящих путей и почек (клинико–экспериментальное исследование),25.09.2014,14.01.23 – урология,Новиков А.И.,–,2014,,,
Селезнева Арина Игоревна,Д 215.002.07,"Противоишемические, кардиопротективные и антигипертензивные свойства нового антиоксидантного препарата Валеокор-Q10 (экспериментальное исследование)",24.09.2013,"14.03.06 – фармакология, клиническая фармакология",Дьячук Георгий Иванович,-,2013,,,
Газизова Ильмира Рифовна ,Д 215.002.09,Новые аспекты патогенеза глаукомной оптической нейропатии,23.12.2013,"14.01.07 – глазные болезни
14.03.02 – патологическая анатомия",Алексеев Владимир Николаевич,Аничков Николай Мильевич,2013,,,
Ярцев Александр Игоревич,Д 215.002.09,Клинико-лабораторная оценка эффективности лечения больных острым тонзиллитом и паратонзиллярным абсцессом,11.11.2013,"14.01.03 – болезни уха, горла и носа",Бакулина Лариса Сергеевна,-,2013,,,
Милютин Сергей Геннадьевич,Д 215.002.03,Психофизиологическое обоснование критериев профессионального отбора студентов-фармацевтов и прогнозирование успешности их деятельности,26.11.2013,19.00.02 – психофизиология,Сысоев Владимир Николаевич,-,2013,,,
Ахмадуллина Юлия Александровна,Д 215.002.08,Клинико-лабораторная характеристика клеточных элементов периферической крови и функционального состояния эндотелия у женщин с бактериальным вагинозом,24.09.2013,14.03.10 – клиническая лабораторная диагностика,Гильманов Александр Жанович,-,2013,,,
Гришин Олег Валерьевич,Д 215.002.06,Неотложные состояния при повышении артериального давления и возможности дифференцированного подхода к оказанию скорой медицинской помощи,16.12.2013,14.01.05 – кардиология,Руксин Виктор Викторович,-,2013,,,
Шальнев Владимир Ильич,Д 215.002.06,Острый коронарный синдром: клинико-иммунологические взаимосвязи и возможности коррекции нарушений цитокиновой регуляции,16.12.2013,14.01.05 – кардиология,Мазуров Вадим Иванович,-,2013,,,
Богданова Елена Александровна,Д 215.002.06,Особенности ишемии миокарда и перфузии сердечной мышцы у больных сахарным диабетом 2 типа в сочетании с ишемической болезнью сердца,02.12.2013,14.01.04 – внутренние болезни,Шустов Сергей Борисович,-,2013,,,
Лукина Ольга Васильевна,Д 215.002.11,Значение лучевого исследования в диагностике нарушений кровообращения в легочной ткани у больных с хронической обструктивной болезнью легких,01.11.2013,"14.01.13 – лучевая диагностика, лучевая терапия",Амосов Виктор Иванович,-,2013,,,
Жданюк Игорь Владимирович,Д 215.002.09,Клиническая и экономическая эффективность стоматологических лечебно-профилактических мероприятий перед зубным протезированием,16.09.2013,"14.01.14 – стоматология 
14.02.03 – общественное здоровье и здравоохранение",Иорданишвили Андрей Константинович,Мироненко Александр Николаевич,2013,,,
Тотолян Анна Ареговна,Д 215.002.11,МРТ диагностика изменений головного мозга при симптоматической эпилепсии с дебютом в детском возрасте,27.09.2013,"14.01.13 – лучевая диагностика, лучевая терапия",Трофимова Татьяна Николаевна,-,2013,,,
Сливкин Антон Анатольевич,Д 215.002.09,"Изучение стоматологической заболеваемости военнослужащих по призыву, вновь прибывших в воинскую часть",07.10.2013,14.01.14 – стоматология,Гребнев Геннадий Александрович,-,2013,,,
Диденко Максим Викторович,Д 215.002.10,Лечение больных с нарушением внутрисердечной проводимости с помощью физиологичной электрокардиостимуляции,23.09.2013,14.01.26 – сердечно–сосудистая хирургия,Хубулава Геннадий Григорьевич,-,2013,,,
Перегонцева Ольга Сергеевна ,Д 215.002.11,Совершенствование диагностического алгоритма при хронических вирусных гепатитах с применением малоинвазивной биоимпедансометрии,01.11.2013,"14.01.13 – лучевая диагностика, лучевая терапия 
14.01.09 – инфекционные болезни",Борсуков Алексей Васильевич,Храмцов Михаил Михайлович,2013,,,
Гайсина Лейля Рафаэлевна,Д 215.002.06,Нарушение парциальных функций почек у детей и подростков с ожирением,11.11.2013,14.01.02 – эндокринология,Валеева Фарида Вадутовна,-,2013,,,
Антонова Наталья Сергеевна,Д 215.002.09,Диагностика и лечение детей с аномалиями развития и приобретенными деформациями челюстно-лицевой области и сопутствующей дисплазией соединительной ткани,07.10.2013,"14.01.14 – стоматология 
14.01.08 – педиатрия",Семенов Михаил Георгиевич,Кадурина Тамара Ивановна,2013,,,
Лазнам Самир Салех,Д 215.002.06,Анализ эффективности традиционных подходов к оценке риска ишемической болезни сердца,02.12.2013,14.01.05 – кардиология,Берштейн Леонид Львович,-,2013,,,
Кондратьева Анна Анатольевна,Д 215.002.09,Влияние транскраниальной электростимуляции на процессы ранозаживления после оперативных вмешательств на тканях пародонта,16.09.2013,14.01.14 – стоматология,Мороз Борис Терентьевич,-,2013,,,
Дёмшина Татьяна Евгеньевна,Д 215.002.11,Роль и место радионуклидного метода исследования в диагностике злокачественных новообразований молочной железы,27.09.2013,"14.01.13 – лучевая диагностика, лучевая терапия",Рязанов Владимир Викторович,-,2013,,,
Федорова Наталия Сергеевна,Д 215.002.11,Возможности лучевых методов исследования в диагностике и контроле лечения пострадавших с импрессионно-раскалывающими переломами мыщелков большеберцовой кости,27.09.2013,"14.01.13 – лучевая диагностика, лучевая терапия",Труфанов Геннадий Евгеньевич,-,2013,,,
Добровольская Алла Евгеньевна,Д 215.002.04,"Анализ социально-демографических и клинических характеристик больных шизофренией с сопутствующей аддиктивной патологией, госпитализированных в психиатрический и многопрофильный стационары",14.10.2013,14.01.06 – психиатрия,Софронов Александр Генрихович,-,2013,,,
Долгий Алексей Алексеевич,Д 215.002.12,Эпидемиологические особенности формирования госпитальных штаммов в урологических отделениях,25.06.2013,14.02.02 – эпидемиология,Зуева Людмила Павловна,-,2013,,,
Шайдуллина Мария Рустемовна,Д 215.002.06,"Диабетическая автономная кардиоваскулярная нейропатия у детей и подростков Республики Татарстан, страдающих сахарным диабетом 1 типа",11.11.2013,14.01.02 – эндокринология,Валеева Фарида Вадутовна,-,2013,,,
Мосийчук Лариса Васильевна,Д 215.002.12,Комплексное гигиеническое обоснование нутриционно - метаболической коррекции избыточной массы тела и ожирения ,20.09.2013,14.02.01 – гигиена,Доценко Владимир Антонович,-,2013,,,
Бондаренко Виталий Сергеевич,Д 215.002.06,Ремоделирование сердца при различных вариантах вегетативного сопровождения стресса у больных артериальной гипертензией и в эксперименте у животных (клинико-экспериментальное исследование),21.10.2013,14.01.04 – внутренние болезни,Вебер Виктор Робертович,-,2013,,,
Виноградов Александр Иванович,Д 215.002.06,Влияние антигипертензивной терапии на суточную динамику артериального давления у больных артериальной гипертензией женщин с различным психоэмоциональным фоном,21.10.2013,14.01.04 – внутренние болезни,Вебер Виктор Робертович,-,2013,,,
Махинов Владимир Алексеевич,Д 215.002.03,Психофизиологическая реабилитация больных с различными формами гинекологической патологии,24.09.2013,19.00.02 – психофизиология,Сысоев Владимир Николаевич,-,2013,,,
Яркова Андрей Михайлович,Д 215.002.03,Физиологическое обоснование рациональной физической нагрузки как метода коррекции функционального состояния организма и работоспособности личного состава надводного корабля в условиях похода,18.06.2013,"14.03.08 – авиационная, космическая и морская медицина",Жильцова Ирина Игоревна,-,2013,,,
Белоусова Ольга Дмитриевна,Д 215.002.02,Возможности определения прижизненности и давности образования резаных ран методом атомно-силовой микроскопии,26.06.2013,"14.03.05 – судебная медицина 
14.03.02 – патологическая анатомия",Толмачев Игорь Анатольевич,Гайдаш Александр Александрович,2013,,,
Волошина Нелли Ивановна,Д 215.002.01,Организация санаторно-курортной реабилитации работников метрополитена,16.09.2013,"14.03.11 – восстановительная медицина, спортивная медицина, лечебная физкультура, курортология и физиотерапия 
14.02.03 – общественное здоровье и здравоохранение",Пономаренко Геннадий Николаевич,Русев Илья Трифонович,2013,,,
Носов Сергей Владимирович,Д 215.002.09,Тактика лечения поздних поствитрэктомических гемофтальмов у больных сахарным диабетом,17.06.2013,14.01.07 – глазные болезни,Тахчиди Христо Периклович,-,2013,,,
Стеценко Владимир Петрович,Д 215.002.07,Индивидуальная чувствительность крыс к нейропептидам и ноотропам после модуляции систем стресса и антистресса в раннем онтогенезе,25.06.2013,"14.03.06 – фармакология, клиническая фармакология 
03.03.01 – физиология",Шабанов Петр Дмитриевич,Лебедев Андрей Андреевич,2013,,,
Кононенко Инна Александровна ,Д 215.002.12,Гигиеническая оценка новых зерновых продуктов питания и возможности их использования в рациональном и диетическом питании населения,25.06.2013,14.02.01 – гигиена,Доценко В.А.,-,2013,,,
Никоноров Игорь Юрьевич,Д 215.002.02,Протективные свойства новой гриппозной инактивированной виросомальной вакцины,25.06.2013,14.02.02 – эпидемиология,Ерофеева М.К.,-,2013,,,
Пензева Ксения Валерьевна ,Д 215.002.09,Первичный задний капсулорексис как метод хирургической профилактики вторичной катаракты,17.06.2013,14.01.07 – глазные болезни,Тахтаев Ю.В.,-,2013,,,
Салухов Владимир Владимирович,Д 215.002.06,Обоснование новых подходов к комплексной патогенетической терапии острого радиационного синдрома : клинико-экспериментальное исследование,10.06.2013,"14.01.04 – внутренние болезни
 03.01.01 – радиобиология ",Халимов Юрий Шавкатович,Легеза В.И.,2013,,,
Мальцев Дмитрий Сергеевич,Д 215.002.09,Особенности гистоархитектоники структур глазного дна при офтальмохламидиозе ,03.06.2013,"14.01.07 – глазные болезни
03.03.04 – клеточная биология, цитология, гистология",Бойко Э.В.,Чепур С.В.,2013,,,
Дедов Владимир Андреевич,Д 215.002.03,Патоморфологические и патогенетические аспекты гриппа H1N1 Калифорния в клинике и в эксперименте,14.10.2013,14.03.02 – патологическая анатомия,Цинзерлинг Всеволод Александрович,-,2013,,,
Першко Виталий Анатольевич,Д 215.002.11,Клинико-экспериментальное исследование эффективности цитокинов при миелодепрессии лучевой этиологии,03.06.2013,"03.01.01 – радиобиология 
14.01.04 – внутренние болезни",Халимов Юрий Шавкатович,"Салухов В.В,",2013,,,
Лантухов Дмитрий Викторович,Д 215.002.11,Обоснование подходов к повышению эффективности терапии отравлений органофосфатами с учетом особенностей реактивации холинэстеразы,07.06.2013,"14.03.04  – токсикология
14.01.04 – внутренние болезни",Чепур С.В.,Халимов Ю.Ш.,2013,,,
Дмитриев Вячеслав Александрович,Д 215.002.10,"Дмитриев, Вячеслав Александрович. Применение современных местных гемостатических средств при тяжелых повреждениях печени в системе многоэтапной хирургической тактики(""Damage control"") при политравме",20.05.2013,14.01.17 – хирургия,Бояринцев В.В.,-,2013,,,
Елдашов Сергей Викторович,Д 215.002.10,Экспериментальное обоснование современных методов хирургического лечения сочетанных лучевых поражений,10.06.2013,14.01.17 – хирургия 03.01.01 – радиобиология,Бояринцев В.В.,Гребенюк А.Н.,2013,,,
Кондаков Александр Юрьевич,Д 215.002.11,Экспериментальное изучение эффективности применения интерлейкина-1β при сочетанных радиационных поражениях,03.06.2013,"03.01.01 – радиобиология 
05.26.02 – безопасность в чрезвычайных ситуациях",Легеза Владимир Иванович,Селезнев А.Б.,2013,,,
Тубаджи Ессам,Д 215.002.09,"Сравнительная оценка результатов хирургического, лазерного и консервативного лечения пациентов с первичной открытоугольной глаукомой при длительном периоде наблюдения",17.06.2013,14.01.07 – глазные болезни,Алексеев Владимир Николаевич,-,2013,,,
Ковальская Анастасия Анатольевна,Д 215.002.09,Диагностические возможности инфракрасной окулографии в офтальмологии ,03.06.2013,14.01.07 – глазные болезни,Коскин С.А.,-,2013,,,
Батько Андрей Борисович,Д 215.002.05, Антагонисты кальция в комплексной регуляции деятельности почек и верхних мочевых путей у больных мочекаменной болезнью (клинико-экспериментальное исследование),26.09.2013,"14.01.23 – урология 
14.03.06 – фармакология, клиническая фармакология",Комяков Б.К.,Дьячук Г.И.,2013,,,
Калинина Ольга Владимировна ,Д 215.002.09,Особенности формирования индивидуальной гигиенической программы профилактики стоматологических заболеваний у беременных,03.06.2013,14.01.14 – стоматология,Уметовский С. Б.,-,2013,,,
Конькова-Рейдман Алена Борисовна,Д 215.002.01,"Моно- и микст-инфекции иксодовых клещевых боррелиозов и клещевого энцефалита : клиника, эпидемиология, иммуноопосредованные аспекты патогенеза",16.09.2013,"14.01.09 – инфекционные болезни
14.02.02 – эпидемиология",Злобин В.И.,Ратникова Л.И.,2013,,,
Воронцова Ольга Анатольевна,Д 215.002.09,"Некоторые особенности клинического течения синдрома ""сухого глаза"" у детей",03.06.2013,14.01.07 – глазные болезни,Бржеский Владимир Всеволодович,-,2013,,,
Кремнева Татьяна Викторовна,Д 215.002.03,Психофизиологические особенности пациентов с косметическими дефектами и методы их коррекции,21.05.2013,19.00.02 – психофизиология,Сысоев Владимир Николаевич,-,2013,,,
Лагвилава Темур Олегович,Д 215.002.02,Патогенетическое обоснование выбора ранозаживляющих и иммуномодулирующих средств у ветеранов Вооруженных Сил пожилого и старческого возраста при синдроме диабетической стопы,18.06.2013,14.03.03 – патологическая физиология,Зиновьев Евгений Владимирович,-,2013,,,
Шамли Нежмеддин Бен Лазхар,Д 215.002.01,Клинико-этиологические особенности онихомикоза у больных с метаболическим синдромом,20.05.2013,14.01.10 – кожные и венерические болезни,Разнатовский Константин Игоревич,-,2013,,,
Лавров Никанор Васильевич,Д 215.002.07,Экспериментальная оценка эмоциогенных и нейропротективных эффектов новых препаратов пептидной структуры,21.05.2013,"14.03.06 – фармакология, клиническая фармакология 
03.03.01 – физиология",Шабанов Петр Дмитриевич,Русановский В.В.,2013,,,
Балашова Анна Викторовна ,Д 215.002.01,Применение пилинга с β - липогидроксикислотой в коррекции возрастных изменений кожи,26.04.2013,14.01.10 – кожные и венерические болезни,Королькова Татьяна Николаевна,-,2013,,,
Амро Абдаллах,Д 215.002.09,Клиническая картина и лечение переломов нижней челюсти у взрослых людей в различные возрастные периоды,13.05.2013,"14.01.14 – стоматология 
14.03.01 – анатомия человека",Гребнев Геннадий Александрович,Иорданишвили А.К.,2013,,,
Умарова Малохат Амиршоевна,Д 215.002.05,"Состояние соматического и репродуктивного здоровья женщин, принимавших в ювенильном периоде комбинированные оральные контрацептивы",23.05.2013,14.01.01 – акушерство и гинекология,Кустаров В.Н.,-,2013,,,
Писаревский Игорь Юрьевич,Д 215.002.09,Клиническое значение оптической плотности челюстей и височно-нижнечелюстного сустава при планировании лечения пациентов с частичной потерей зубов,13.05.2013,14.01.14 – стоматология,Бородулина Ирина Ивановна,-,2013,,,
Арутюнян Ованес Арташович,Д 215.002.10,Выбор хирургической тактики при колоректальном раке с метастатическим поражением печени,22.04.2013,14.01.17 – хирургия,Соловьев Иван Анатольевич,-,2013,,,
Зубкова Ирина Ивановна,Д 215.002.06,Медико-социальные и экономические последствия остеопоротических переломов среди взрослого населения Санкт-Петербурга,13.05.2013,"14.01.04 – внутренние болезни 
14.02.03 – общественное здоровье и здравоохранение ",Зайкин Е. Г.,Хурцилава О.Г.,2013,,,
Корнилов Владимир Александрович,Д 215.002.07,"Эмоциональные и двигательные нарушения поведения у крыс, вызванные введением ксенобиотиков в раннем онтогенезе",21.05.2013,"14.03.06 – фармакология, клиническая фармакология",Шабанов Петр Дмитриевич,-,2013,,,
Пирожинский Виталий Владимирович,Д 215.002.09,Стоматологическая заболеваемость рабочих производства синтетических моющих средств,15.04.2013,"14.01.14 – стоматология 
14.02.01 – гигиена",Иорданишвили Андрей Константинович,Щербо А.П.,2013,,,
Колчев Сергей Александрович,Д 215.002.04,"Патогенетические закономерности формирования специфического дефекта при параноидной шизофрении, осложненной алкоголизмом",08.04.2013,14.01.06 – психиатрия,Литвинцев С.В.,-,2013,,,
Кокорина Галина Ивановна,Д 215.002.08,Генотипы штаммов Yersinia pseudotuberculosis и их клиническое и диагностическое значение,28.05.2013,03.02.03 – микробиология,Ценева Г.Я.,-,2013,,,
Родионова Анна Юрьевна,Д 215.002.06,"Клинико-экспертные параметры, ограничения жизнедеятельности и оценка реабилитации на основе ""Международной классификации функционирования, ограничений жизнедеятельности и здоровья"" у больных артериальной гипертензией, ассоциированной с метаболическими нарушениями",10.06.2013,14.01.04 – внутренние болезни,Сергеева В.В.,-,2013,,,
Ильясов Денис Маратович ,Д 215.002.09,Лечебная тактика при повреждении околоносовых пазух у пострадавших с тяжелой сочетанной травмой головы,15.04.2013,"14.01.03 – болезни уха, горла и носа",Гофман Виктор Робертович,-,2013,,,
Киреева Елена Борисовна,Д 215.002.06,"Нейровегетативные и иммунные нарушения при полиморбидной сердечно-сосудистой патологии у участников ликвидации последствий чернобыльской катастрофы в отдаленном периоде (патогенез, диагностика, лечение)",10.06.2013,"14.01.04 – внутренние болезни 
14.03.09 – клиническая иммунология, аллергология",Парцерняк  С.А.,Карамуллин М.А.,2013,,,
Сперанская Александра Анатольевна,Д 215.002.11,Комплексное компьютерно-томографическое и радионуклидное исследование в дифференциальной диагностике интерстициальных заболеваний легких,07.06.2013,"14.01.13 – лучевая диагностика, лучевая терапия",Амосов Виктор Иванович,-,2013,,,
Виноградова Татьяна Алексеевна,Д 215.002.03,Особенности микрoциркуляции и ее регуляции у больных мигренью,21.05.2013,"14.03.03 – патологическая физиология 
14.01.11 – нервные болезни",Молотков О.В.,Юдельсон Я.Б.,2013,,,
Колов Сергей Александрович,Д 215.002.04,Отдаленные последствия боевого стресса с позиции биопсихосоциального подхода,20.05.2013,"14.01.06 – психиатрия
 19.00.04 – медицинская психология",Шамрей Владислав Казимирович,Чехлатый Е.И.,2013,,,
Дрёмов Владимир Владимирович,Д 215.002.04,Совершенствование диагностики когнитивных нарушений в целях военно-врачебной экспертизы у военнослужащих с дисциркуляторной энцефалопатией,08.04.2013,14.01.11 – нервные болезни,Емелин А.Н.,-,2013,,,
Харитонова Елена Евгеньевна,Д 215.002.01,Коррекция морфометрических показателей роста волос у пациентов с андрогенетической алопецией,18.03.2013,14.01.10 – кожные и венерические болезни,Королькова Татьяна Николаевна,-,2013,,,
Гома Татьяна Владимировна,Д 215.002.06,Клинико-иммунологические аспекты поражения сердца при диффузном токсическом зобе,13.05.2013,"14.01.02 – эндокринология 
14.01.04  – внутренние болезни",Орлова Г.М.,-,2013,,,
Юсупов Владислав Викторович,Д 215.002.03,Психофизиологическое сопровождение обучающихся в системе военного образования,19.03.2013,19.00.02 – психофизиология,Ганопольский В.П.,-,2013,,,
Климов Александр Сергеевич,Д 215.002.03,Психофизиологическая оценка профессионально важных качеств войскового врача,19.03.2013,19.00.02 – психофизиология,Булка А.П.,-,2013,,,
Елистратова Людмила Леонтьевна,Д 215.002.08,"Клинико-микробиологические особенности акнеподобных дерматозов, осложненных демодекозом",28.03.2013,"03.02.03 – микробиология
14.01.10 – клжные и венерические болезни ",Потатуркина-Нестерова Наталия Иосифовна,Нестеров А.С.,2013,,,
Орлова Марина Михайловна,Д 215.002.06,Клинико-лабораторная характеристика функции почек у пациентов с первичным гипотиреозом,18.03.2013,14.01.02 – эндокринология,Родионова Татьяна Игоревна,-,2013,,,
Бала Анатолий Михайлович,Д 215.002.08,"Особенности контактной сенсибилизации в условиях профессиональной деятельности, связанной с высокотоксичными химическими соединениями",20.02.2013,"14.03.09 – клиническая иммунология, аллергология
14.03.04 – токсикология",Гребенюк Александр Николаевич,Вологжанин Д.А.,2013,,,
Крачко Эльвира Адисовна,Д 215.002.03,Психофизиологические критерии распределения курсантов военного авиационного образовательного учреждения по родам авиации,16.04.2013,"14.03.08 – авиационная, космическая и морская медицина
19.00.02 – психофизиология",Блашнин А.А.,Булка А.П.,2013,,,
Глуховской Дмитрий Владимирович,Д 215.002.06,Комплексная оценка клинико-лабораторно-инструментальных показателей у пациентов с артериальной гипертензией в зависимости от особенностей ремоделирования левого предсердия,15.04.2013,14.01.05 – кардиология,Барсуков А.В.,-,2013,,,
Альпер Григорий Александрович,Д 215.002.06,Диагностическое значение пепсинобразующей функции желудка в выявлении предопухолевых изменений слизистой оболочки желудка при хроническом атрофическом гастрите,13.05.2013,14.01.04 – внутренние болезни,Павлович И.М.,-,2013,,,
Зобнина Мария Павловна,Д 215.002.06,Ретроспективная оценка выживаемости больных эссенциальной артериальной гипертензией в зависимости от исходных особенностей ремоделирования левого желудочка,15.04.2013,14.01.05 – кардиология,Барсуков А.В.,-,2013,,,
Хайрутдинов Владислав Ринатович,Д 215.002.01,"Роль полиморфных генов программируемой клеточной гибели, Т-лимфоцитов и дендритных клеток в патогенезе псориаза",26.04.2013,"14.01.10 – кожные и венерические болезни
14.03.10 – клиническая лабораторная диагностика",Самцов Алексей Викторович,Имянитов Е.Н.,2013,,,
Колчева Юлия Александровна,Д 215.002.04,Энцефалопатия при хронической обструктивной болезни легких,11.02.2013,"14.01.11 – нервные болезни
14.01.04 – внутренние болезни",Литвиненко Игорь Вячеславович,Баранов В.Л.,2013,,,
Щулькин Алексей Владимирович,Д 215.002.07,Антигипоксическое и антиишемическое действие фитоэкдистерона и механизмы его развития,12.02.2013,"14.03.06 – фармакология, клиническая фармакология
14.03.03 – патологическая физиология",Якушева Е.Н.,Давыдов В.В.,2013,,,
Сергеев Дмитрий Владимирович,Д 215.002.07,Клинико-экспериментальная оценка противовоспалительных свойств бетулина,12.02.2013,"14.03.06 – фармакология, клиническая фармакология",Дычук Г.И.,-,2013,,,
Соболевская Оксана Львовна,Д 215.002.01,Сочетанная HBV/HCV-инфекция: характеристика иммунного ответа и подходы к противовирусной терапии,20.05.2013,14.01.09 – инфекционные болезни,Корочкина О.В.,-,2013,,,
Мазуренко Роман Геннадьевич,Д 215.002.02,Анатомические предпосылки эректильной дисфункции сосудистого генеза ,11.02.2013,14.03.01 – анатомия человека,Гайворонский Иван Васильевич,-,2013,,,
Черный Валерий Станиславович,Д 215.002.03,Организация лечебно-эвакуационных мероприятий при возникновении очагов массовых поражений аварийно химически опасными веществами в пункте базирования флота,19.02.2013,"14.03.08 – авиационная, космическая и морская медицина
14.03.04 – токсикология",Софронов Г.А.,Леонтьев О.В.,2013,,,
Лымаренко Валерий Михайлович,Д 215.002.03,Патогенетические механизмы психовегетативных дисфункций при воздействии хронического профессионального стресса у врачей поликлинических учреждений,19.02.2013,14.03.03 – патологическая физиология,Леонтьев О.В.,-,2013,,,
Мавренков Эдуард Михайлович,ДС 215.006.01,Спец. Тема,22.03.2019,20.02.28 – военная медицина,Цыган Василий Николаевич,–,2019,,,
Петраков Василий Александрович,ДС 215.006.01,Спец. Тема,28.09.2018,20.02.28 – военная медицина,Щеголев А.В.,–,2018,,,
Захаров Юрий Владимирович,ДС 215.006.01,Спец. Тема,12.12.2017,20.02.28 – военная медицина,Шеленов А.М.,–,2017,,,
Цымбаленко Александр Валерьевич ,ДС 215.006.01,Спец. Тема,12.12.2017,20.02.28 – военная медицина,Ивченко Е.В.,–,2017,,,
Макиев Руслан Гайозович,ДС 215.006.01,Спец. Тема,05.12.2017,20.02.28 – военная медицина,Фисун А.Я.,Черкашин Д.В.,2017,,,
Безбородов Андрей Николаевич,ДС 215.006.01,Спец. Тема,05.12.2017,20.02.28 – военная медицина,Кульнев С.В.,–,2017,,,
Чувашев Максим Леонидович,ДС 215.006.01,Спец. Тема,30.09.2016,20.02.28 – военная медицина,Шеленов А.Ш.,–,2016,,,
Миронов Василий Геннадьевич,ДС 215.006.01,Спец. Тема,21.10.2016,20.02.28 – военная медицина,Дворянчиков Владимир Владимирович,–,2016,,,
Лучников Эдуард Александрович,ДС 215.006.01,Спец. Тема,30.09.2016,20.02.28 – военная медицина,Черников О.Г.,–,2016,,,
Анисимов Александр Сергеевич,ДС 215.006.01,Спец. Тема,30.09.2016,20.02.28 – военная медицина,Шеленов А.Ш.,–,2016,,,
Ивченко Евгений Викторович,ДС 215.006.01,Спец. Тема,25.11.2016,20.02.28 – военная медицина,Цыган Василий Николаевич,–,2016,,,
Григорян Арсен Грачьяевич,Д 215.002.10,Радиочастотная облитерация в хирургическом лечении варикозной болезни ,21.09.2015,14.01.26 – сердечно–сосудистая хирургия,Шайдаков Е.В.,–,2015,,,
Блищ Ольга Юрьевна,Д 215.002.11 ,"Магнитно–резонансная томография патологических состояний тазобедренного сустава, предрасполагающих к развитию деформирующего артроза",19.06.2015,"14.01.13 – лучевая диагностика, лучевая терапия",Фокина В.А.,–,2015,,,
Сахин Валерий Тимофеевич,Д 215.002.06,Состояние сердечно–сосудистой системы и некоторых факторов нейрогуморальной регуляции у больных травматической болезнью,22.06.2015,14.01.04 – внутренние болезни,Гордиенко А.В.,–,2015,,,
Шмедык Надежда Юрьевна ,Д 215.002.11 ,Магнитно–резонансная пельвиметрия в диагностике анатомически и клинически узкого таза,19.06.2015,"14.01.13 – лучевая диагностика, лучевая терапия",Рязанов Владимир Викторович,–,2015,,,
Яковлева Екатерина Евгеньевна,Д 215.002.07,Фармакологический анализ производных флуоренкорбоновой и альфа–оксифлуоренкорбоновой кислот,29.09.2015,"14.03.06 – фармакология, клиническая фармакология",Хныченко Л.К.,–,2015,,,
Дроздова Ольга Александровна ,Д 215.002.11 ,Возможности компьютерной томографии в ранней диагностике и определении тактики лечения острых нарушений мезентериального кровообращения,19.06.2015,"14.01.13 – лучевая диагностика, лучевая терапия",Сперанская А.А.,–,2015,,,
Демидова Татьяна Александровна,Д 215.002.06,Особенности суточной динамики гликемии и вегетативной регуляции у больных сахарным диабетом 2–го типа с ишемической болезнью сердца,22.06.2015,"14.01.02 – эндокринология
14.01.05 – кардиология",Кицышин В.П.,Халимов Ю.Ш.,2015,,,
Реброва Дина Владимировна ,Д 215.002.06,Дифференциальная диагностика и течение низкоренинового гиперальдостеронизма,08.06.2015,14.01.02 – эндокринология,Ворохобина Наталья Владимировна,–,2015,,,
Лавренчук Дмитрий Вадимович,Д 215.002.06,Влияние эрадикации Helicobacter pylori на морфологическую структуру слизистой оболочки желудка у больных хроническим гастритом : диссертация ... кандидата медицинских наук,22.06.2015,14.01.04 – внутренние болезни,Павлович И.М.,–,2015,,,
Чубирко Юрий Михайлович,Д 215.002.10,Хирургические методы профилактики тромбоэмболических осложнений после прямой реваскуляризации миокарда у больных ишемической болезнью сердца,21.09.2015,14.01.26 – сердечно–сосудистая хирургия,Ковалев С.А.,–,2015,,,
Свечников Дмитрий Владимирович,Д 215.002.04,"Расстройства адаптации у военнослужащих (клиника, диагностика)",15.06.2015,14.01.06 – психиатрия,Курасов Евгений Сергеевич,–,2015,,,
Шенгелия Ерасто Вахитовна,Д 215.002.09,Клинико–экспериментальная оценка использования отечественных остеозамещающих материалов при дефектах челюстей ,08.06.2015,14.01.14 – стоматология,Иорданишвили Андрей Константинович,–,2015,,,
Житихин Евгений Владимирович ,Д 215.002.10,Совершенствование современных методов хирургического лечения хронического геморроя III – IV стадии,29.06.2015,14.01.17 – хирургия,Литвинов Олег Александрович,–,2015,,,
Платонов Сергей Алексдрович ,Д 215.002.10,Роль артериальных коллатералей стопы при эндоваскулярном лечении критической ишемии нижних конечностей,29.06.2015,14.01.26 – сердечно–сосудистая хирургия,Капутин М.Ю.,–,2015,,,
Зуйкова Анна Александровна,Д 215.002.03,Особенности этиопатогенеза дезадаптивных изменений участников боевых действий,28.04.2015,14.03.03 – патологическая физиология,Потемина Т.Е.,–,2015,,,
Прокопович Галина Анатольевна,Д 215.002.04,"Социально–демографические и клинические характеристики лиц, совершивших суицидальные попытки отравления (по материалам многопрофильного стационара скорой помощи)",18.05.2015,14.01.06 – психиатрия,Пашковский Владимир Эдуардович,–,2015,,,
Мальцева Екатерина Александровна,Д 215.002.04,Социально–психологический статус и клинико–реабилитационные аспекты больных параноидной шизофренией молодого трудоспособного возраста,18.05.2015,"14.01.06 – психиатрия
 19.00.04 – медицинская психология",Соловьев А.Г.,Злоказова М.В.,2015,,,
Пустовойт Василий Игоревич,Д 215.002.01,Клинико–лабораторная характеристика трихинеллеза и экспериментальное обоснование этиотропной терапии албендазолом,20.04.2015,"14.01.09 – инфекционные болезни
03.02.11 – паразитология",Жданов Константин Валерьевич,Козлов С.С.,2015,,,
Баграмова Гаянэ Эрнистовна,Д 215.002.01,Клинико–морфологическое обоснование лечебно–диагностических алгоритмов при папилломавирусной инфекции кожи и слизистых оболочек,16.03.2015,14.01.10 – кожные и венерические болезни,Молочков А.В.,–,2015,,,
Гормакова Елена Владимировна,Д 215.002.07,Оптимизация анестезии при обширных абдоминальных операциях у больных с внутричерепной гипертензией,21.04.2015,14.01.20 – анестезиология и реаниматология,Заболотских И.Б.,–,2015,,,
Саскин Виталий Александрович,Д 215.002.07,Применение тромболитической терапии при ишемическом инсульте в каротидном бассейне,21.04.2015,14.01.20 – анестезиология и реаниматология,Недашковский Эдуард Владимирович,–,2015,,,
Воробьев Сергей Владимирович,Д 215.002.04,"Нарушения когнитивных функций при посттравматической энцефалопатии (патогенез, клиника, диагностика) ",01.06.2015,14.01.11 – нервные болезни,Емелин А.Ю.,–,2015,,,
Труфанов Артем Геннадьевич,Д 215.002.04,Нейровизуализация в оценке прогрессирования и прогнозирования осложнений при болезни Паркинсона,01.06.2015,"14.01.11 – нервные болезни
14.01.13 – лучевая диагностика, лучевая терпаия",Литвиненко Игорь Вячеславович,Фокин В.А.,2015,,,
Суетов Алексей Александрович,Д 215.002.09,Клинико–морфологические проявления поражения стекловидного тела при хламидийной инфекции,08.06.2015,"14.01.07 – глазные болезни
03.03.04 – клеточная биология, цитология, гистология",Бойко Э.В.,Чепур С.В.,2015,,,
Волков Сергей Владимирович,Д 215.002.10,"Гастрэктомия и ее последствия: актуальные вопросы классификации, диагностики и лечения постгастрэктомических синдромов и их сочетанных форм",16.03.2015,14.01.17 – хирургия,Малиновский Н.Н.,–,2015,,,
Осипов Алексей Владимирович,Д 215.002.10,Роль высокочастотного электрохирургического лигирования при лапароскопических операциях на органах брюшной полости,01.06.2015,14.01.17 – хирургия,Кабанов М.Ю.,–,2015,,,
Костин Дмитрий Владимирович, 07.2.002.07,Экспресс–диагностика расстройств адаптации у военнослужащих (клинические и психофизиологические аспекты),20.04.2015,"14.01.06 – психиатрия
19.00.02 – психофизиология",Абриталин Е.Ю.,Юсупов В.В.,2015,,,
Опенкова Елена Юрьевна,Д 215.002.09,Изучение некоторых сторон патогенеза и ранней диагностики первичной открытоугольной глаукомы,01.06.2015,14.01.07 – глазные болезни,Рыкун В.С.,–,2015,,,
Бабич Александр Игоревич,Д 215.002.10,Современные подходы к диагностике и лечению адренокортикального рака,01.06.2015,"14.01.17 – хирургия
14.01.12 – онкология",Ромащенко Павел Николаевич ,Орлова Р.В.,2015,,,
Сидорчук Павел Анатольевич,Д 215.002.10,Выбор варианта хирургического лечения перфоративной язвы двенадцатиперстной кишки ,18.05.2015,14.01.17 – хирургия,Ромащенко Павел Николаевич ,–,2015,,,
Бойко Ирина Юрьевна,Д 215.002.10,Клинико–морфологические особенности хронического панкреатита ,18.05.2015,14.01.17 – хирургия,Довганюк В.С.,–,2015,,,
Ровный Виктор Борисович,Д 215.002.01,Клинико–эпидемиологическая характеристика респираторно–синцитиальной вирусной инфекции у больных с поражением нижних отделов респираторного тракта,16.03.2015,"14.01.09 – инфекционные болезни
14.02.02 – эпидемиология",Лобзин Юрий Владимирович,Бабаченко И.В.,2015,,,
Траль Татьяна Георгиевна,Д 215.002.02,Морфологические и иммуногистохимические особенности неразвивающейся беременности I триместра,16.03.2015,14.03.02 – патологическая анатомия,Кветной Игорь Моисеевич,–,2015,,,
Манченко Игорь Владимирович,Д 215.002.06,Особенности терапевтической тактики и применения чрескожных коронарных вмешательств у больных с острым и стабильным коронарными синдромами при наличии показаний к аортокоронарному шунтированию,20.04.2015,14.01.05 – кардиология,Обрезан Андрей Григорьевич,–,2015,,,
Алиев Вугар Али оглы,Д 215.002.04,Прогнозирование исходов лечения у нейрохирургических больных на основе неинвазивной оценки состояния ауторегуляции мозгового кровотока,20.04.2015,"14.01.18 – нейрохирургия
14.03.03 – патологическая физиология",Берснев В.П.,Семенютин Владимир Борисович,2015,,,
Нургазизова Альбина Камильевна,Д 215.002.06,"Клинико–функциональная характеристика, качество жизни, вопросы медико–социальной экспертизы и реабилитации больных ишемической болезнью сердца после стентирования коронарных артерий в сочетании с сопутствующей патологией",20.04.2015,14.01.04 – внутренние болезни,Сергеева В.В.,–,2015,,,
Бобунов Дмитрий Николаевич,Д 215.002.09,Медико–организационные факторы оценки осложнений зубного протезирования у лиц старших возрастных групп,16.02.2015,"14.01.14 – стоматология 
14.02.03 – общественное здоровье и здравоохранение",Иорданишвили Андрей Константинович,Мироненко Александр Николаевич,2015,,,
Кобзов Василий Анатольевич,Д 215.002.04,"Профилактический мониторинг психического здоровья военнослужащих, проходящих военную службу по призыву в Сухопутных войсках Восточного военного округа",16.03.2015,14.01.06 – психиатрия,Костюк Г.П.,–,2015,,,
Лазуткин Максим Витальевич ,Д 215.002.10,Миниинвазивные вмешательства в хирургической панкреатологии,16.03.2015,14.01.17 – хирургия,Ивануса Сергей Ярославович,–,2015,,,
Тарасов Константин Леонидович,Д 215.002.09,Комплексное хирургическое лечение послеоперационной злокачественной глаукомы,23.03.2015,14.01.07 – глазные болезни,Эскина Э.Н.,–,2015,,,
Горичный Виктор Александрович,Д 215.002.11 ,"Заболеваемость и оценка риска развития патологии сердечно–сосудистой системы у военнослужащих, занятых на работах с токсичными химикатами",30.01.2015,"14.03.04  – токсикология
14.01.04 – внутренние болезни",–,–,2015,,,
Питиримова Любовь Николаевна,Д 215.002.08,Иммунологические и генетические предикторы привычного невынашивания беременности,30.12.2014,14.03.10 – клиническая лабораторная диагностика,Гумилевский Борис Юриевич,–,2014,,,
Ракитина Надежда Сергеевна,Д 215.002.08,Иммунологические предикторы инфекционных осложнений у реципиентов ренального трансплантата,30.12.2014,"14.03.09 – клиническая иммунология, аллергология",Гумилевская О.П.,–,2014,,,
Гаврилова Надежда Петровна,Д 215.002.05,Персонализация гормональной терапии климактерических расстройств у женщин с метаболическим синдромом и холестазом,22.01.2015,"14.01.01 – акушерство и гинекология
14.01.04 – внутренние болезни",Татарова Нина Александровна,Селиверстов Павел Васильевич,2015,,,
Хасанова Гульшат Рашатовна,Д 215.002.01,Клинико–патогенетические аспекты системного воспалительного ответа у больных ВИЧ–инфекцией,19.01.2015,14.01.09 – инфекционные болезни,Анохин В.А.,–,2015,,,
Саруханов Тагир Магирович,Д 215.002.02,Особенности диабетической ангиопатии артерий головного мозга (клинико–морфологическое исследование),25.12.2014,"14.03.02 – патологическая анатомия
14.01.11 – нервные болезни",Гайкова О.Н.,Янишевский С.Н.,2014,,,
Яковлева Антонина Александровна ,Д 215.002.02,Вариантная анатомия клиновидной кости взрослого человека и возможности прижизненных методов ее визуализации,25.12.2014,14.03.01 – анатомия человека,Гайворонский Иван Васильевич,–,2014,,,
Пашкова Инга Геннадьевна,Д 215.002.02,Морфофункциональные корреляции физического развития и минеральной плотности костной ткани у взрослого населения Республики Карелия,26.02.2015,14.03.01 – анатомия человека,Гайворонский Иван Васильевич,–,2015,,,
Алексанян Михаил Генрихович,Д 215.002.10,Хирургическое лечение пациентов с ишемической митральной недостаточностью,22.12.2014,14.01.26 – сердечно–сосудистая хирургия,Марченко Сергей Павлович,–,2014,,,
Сергеева Ирина Владимировна,Д 215.002.11 ,Зависимость тяжести течения гриппа от метаболических нарушений обмена лимфоцитов у лиц молодого возраста,17.11.2014,14.01.09 – инфекционные болезни,Тихонова Е.П.,Камзалакова Н.И.,2014,,,
Суржиков Павел Владимирович ,Д 215.002.06,Возможность определения сократительной способности миокарда методами количественной вертикальной модифицированной баллистокардиографии и спироартериокардиоритмографии при диспансеризации военнослужащих,15.12.2014,14.01.05 – кардиология,Кицышин В.П.,–,2014,,,
Аношина Елена Алексеевна,Д 215.002.04,Клиническая значимость патологических рефлексов области лица в неврологической практике,08.12.2014,14.01.11 – нервные болезни,Михайленко А.А.,–,2014,,,
Бобков Андрей Викторович,Д 215.002.04,Особенности болевого синдрома и полиневропатии при болезни Паркинсона,08.12.2014,14.01.11 – нервные болезни,Литвиненко Игорь Вячеславович,–,2014,,,
Воронков Леонид Васильевич,Д 215.002.11 ,Возможности магнитно–резонансной морфометрии при неопухолевых заболеваниях головного мозга у военнослужащих и других контингентов,28.11.2014,"14.01.13 – лучевая диагностика, лучевая терапия",Фокина В.А.,–,2014,,,
Ибрагимова Олеся Мунировна,Д 215.002.01,Характеристика синдромов интоксикации и системного воспалительного ответа при острых респираторных вирусных инфекциях у детей,08.12.2014,14.01.09 – инфекционные болезни 14.03.10 – клиническая лабораторная диагностика,Бабаченко И.В.,Алексеева Л.А.,2014,,,
Миноранская Наталья Сергеевна,Д 215.002.01,"Иксодовые клещевые боррелиозы: клиника, иммунологические аспекты, прогноз исходов заболевания",19.01.2015,14.01.09 – инфекционные болезни,Усков А.Н,–,2015,,,
Королев Игорь Борисович,Д 215.002.03,Вегетативная регуляция сердечного ритма при нормальном и повышенном уровне артериального давления у крыс (экспериментальное исследование),23.12.2014,14.03.03 – патологическая физиология,Котельников В.Н.,–,2014,,,
Пятченков Михаил Олегович ,Д 215.002.06,Диагностика и коррекция микроциркуляторных расстройств у больных с гипертонической болезнью и ишемической болезнью сердца в сочетании с подагрой,10.11.2014,14.01.04 – внутренние болезни,Тыренко Вадим Витальевич,–,2014,,,
Леденцова Ольга Владимировна,Д 215.002.06,Патогенетические аспекты диастолической дисфункции у больных с субклиническим гипотиреозом и эффект заместительной терапии,08.12.2014,14.01.02 – эндокринология,Стронгин Леонид Григорьевич,–,2014,,,
Цыган Анна Васильевна,Д 215.002.06,"Психоэмоциональные особенности больных ревматоидным артритом, анкилозирующим спондилитом и подагрой",10.11.2014,14.01.04 – внутренние болезни,Тыренко Вадим Витальевич,–,2014,,,
Кулакова Татьяна Валерьевна,Д 215.002.06,Особенности нейровегетативной регуляции сердечного ритма у пациентов с язвенной болезнью желудка и двенадцатиперстной кишки: актуальные вопросы патогенеза и лечения,10.11.2014,"14.01.04 – внутренние болезни
14.03.11 – восстановительная медицина, спортивная медицина, лечебная физкультура, курортология и физиотерапия",Барсуков А.В.,Горячева А.А.,2014,,,
Железняк Игорь Сергеевич,Д 215.002.11 ,"Комплексная компьютерно–томографическая и магнитно–резонансная диагностика в планировании, прогнозе и оценке эффективности реваскуляризации миокарда",19.12.2014,"14.01.13 – лучевая диагностика, лучевая терапия",Труфанов Геннадий Евгеньевич,–,2014,,,
Масленников Вячеслав Игоревич,Д 215.002.09,Исследование поверхности роговицы методом измерения ее отражающей способности,01.12.2014,"14.01.07 – глазные болезни
03.03.01 – физиология ",Коскин С.А.,Шеленин Ю.Е.,2014,,,
Честнова Галина Павловна ,Д 215.002.05,Гиперпластические процессы эндометрия у женщин в период длительной постменопаузы,23.10.2014,14.01.01 – акушерство и гинекология,Абащин В.Г.,–,2014,,,
Кузин Александр Александрович,Д 215.002.12,"Эпидемиологические и клинико–организационные основы профилактических инфекций, связанных с оказанием медицинской помощи раненным и пострадавшим с тяжелыми травмами",10.10.2014,"14.02.02 – эпидемиология
14.07.17 – хирургия",Огарков П.И.,Самохвалов И.М.,2014,,,
Юнусов Исламуддин Айнидинович,Д 215.002.07,Устойчивость к стрессу как прогностический фактор в лечении травматического токсикоза антигипоксантами,11.11.2014,"14.03.06 – фармакология, клиническая фармакология
14.03.03 – патологическая физиология",Зарубина И.В.,Шабанов П.Д.,2014,,,
Литвиненко Руслан Игоревич,07.2.002.03 (Д 215.002.06) ,Транзиторная ишемия миокарда: особенности неинвазивной диагностики  преходящих нарушений кровоснабжения миокарда в военно–лечебных учреждениях МО РФ,08.09.2014,14.01.05 – кардиология,Шуленин С.Н.,–,2014,,,
Еркудов Валерий Олегович,Д 215.002.03 (Закрыт с 15.07.2022),Патофизиологическое обоснование методов неинвазивного контроля показателей системной гемодинамики (клинико–экспериментальное исследование),23.09.2014,14.03.03 – патологическая физиология,Пуговкин А.П.,–,2014,,,
Горбачева Светлана Алексеевна,07.2.002.03 (Д 215.002.06) ,Особенности артериальной гипертензии и состояния сердечно–сосудистой системы у женщин больных сахарным диабетом 2 типа,08.09.2014,"14.01.02 – эндокринология
14.01.05 – кардиология",Белякова Н.А,Мазур  С.С.,2014,,,
Литвиненко Елена Валентиновна,Д 215.002.04 ,"Патологические кистевые рефлексы: классификация, частота выявления, клиническая значимость",20.10.2014,14.01.11 – нервные болезни,Михайленко А.А.,–,2014,,,
Шкарупа Дмитрий Дмитриевич,Д 215.002.05,Хирургическая реконструкция тазового дна у женщин при недержании мочи и пролапсе тазовых органов (клинико–экспериментальное исследование),27.11.2014,14.01.23 – урология,Комяков Б.К.,–,2014,,,
Еремеева Любовь Филипповна,Д 215.002.07,"Оптимизация диагностики, интенсивной и заместительной терапии полиорганной недостаточности при поражениях печени",16.09.2014,14.01.20 – анестезиология и реаниматология,Заболотских И.Б.,–,2014,,,
Ильина Виктория Анатольевна, 07.2.002.02 (Д 215.002.02),Морфология местных и общих патологических процессов у пострадавших с тяжелой термической травмой ,20.10.2014,"14.03.02 – патологическая анатомия
14.03.05 – судебная медицина",Вашетко Р.В.,Ягмуров О. Д.,2014,,,
Хуторная Оксана Евгеньевна, 07.2.002.03 (Д 215.002.06),Частота выявления различных форм диабетической полинейропатии нижних конечностей в популяции больных сахарным диабетом в Санкт–Петербурге и подходы к ее лечению,17.11.2014,14.01.02 – эндокринология,Бреговский В.Б.,–,2014,,,
Еремицкий Игорь Валентинович,Д 215.002.04 ,Профилактика психических расстройств у военнослужащих в особых условиях профессиональной деятельности,22.09.2014,"14.01.06 – психиатрия
14.02.03 – общественное здоровье и здравоохранение",Абриталин Е.Ю.,Жовнерчук Е.В.,2014,,,
Кокаева Лиана Элгуджаевна ,Д 215.002.05,Овариальный резерв женщин и пути профилактики его нарушения при проведении цитостатической терапии лимфомы Ходжкина,25.09.2014,14.01.01 – акушерство и гинекология,Троик Е.Б.,–,2014,,,
Лупанов Иван Александрович,Д 215.002.04 ,Функциональная нейровизуализация в ранней диагностике когнитивных нарушений,20.10.2014,14.01.11 – нервные болезни,Одинак М.М.,–,2014,,,
Таланцева Марина Сергеевна, 07.2.002.03 (Д 215.002.06),Кардиоваскулярный и метаболический статус у пациентов с артериальной гипертензией в сочетании с хроническим вирусным гепатитом С и стеатогепатитом,20.10.2014,"14.01.04 – внутренние болезни
14.01.09 – инфекционные болезни",Барсуков А.В.,Жданов К.В.,2014,,,
Зенин Дмитрий Юрьевич,07.2.002.03 (Д 215.002.06) ,Совершенствование оказания терапевтической помощи военнослужащим–женщинам в мирное время,17.11.2014,14.01.04 – внутренние болезни,Гордиенко А.В.,–,2014,,,
Хантакова Екатерина Александровна,07.2.002.03 (Д 215.002.06) ,Анемический синдром и состояние фосфорно–кальциевого обмена у больных сахарным диабетом 1–го типа мужского пола: клинико–патогенетические взаимосвязи с поражением почек,15 декабря 2–14 г.,"14.01.02 – эндокринология
14.01.04 – внутренние болезни",Хамнуева Л.Ю.,Орлова Г.М.,,,,
Тюликов Константин Владимирович,Д 215.002.04 ,Пункционная холодноплазменная кобляция (нуклеопластика) в лечении дегенеративно–дистрофического заболевания межпозвонковых дисков поясничного отдела,22.09.2014,"14.01.18 – нейрохирургия
14.01.11 – нервные болезни",Мануковский В.А.,Литвиненко И.В.,2014,,,
Анненков Олег Александрович,Д 215.002.03,Психофизиологическое обоснование экспресс–оценки действия факторов полета по показателям статокинетической функции лeтчиков,23.09.2014,"14.03.08 – авиационная, космическая и морская медицина
14.00.02 – психофизиология",Блашнин А.А.,Жильцова И.И.,2014,,,
Горелов Виктор Павлович,Д 215.002.05,Профилактика инфравезикальной обструкции при планировании брахитерапии рака предстательной железы,27.11.2014,14.01.23 – урология,Горелов С.И.,–,2014,,,
Анохина Юлия Евгеньевна ,Д 215.002.04 ,Клинико–морфологические исходы резекции злокачественных глиом головного мозга с использованием интраоперационной флюоресцентной диагностики,08.12.2014,14.01.18 – нейрохирургия,Мартынов Б.В.,–,2014,,,
Гайворонская Мария Георгиевна,Д 215.002.02,Анатомо–клинические обоснования лечения окклюзионно–обусловленных заболеваний жевательного аппарата,20.10.2014,"14.03.01 – анатомия человека
14.01.14 – стоматология",Родионов А.А.,Иорданишвили А.К.,2014,,,
Гладышева Эльвира Валерьевна, 07.2.002.03 (Д 215.002.06),Влияние циркулирующих аутоантител к белкам кардиомиоцитов на показатели морфофункционального состояния миокарда и клиническую картину при различной патологии сердца,17.11.2014,14.01.05 – кардиология,Гришаев С.Л.,–,2014,,,
Фаизов Искандер Иршатович,Д 215.002.07,Влияние отдельных анестетиков на состояние функций печени и почек при ингаляционной анестезии минимальным потоком на этапе специализированной помощи,30.09.2014,14.01.20 – анестезиология и реаниматология,Щеголев А.В.,–,2014,,,
Гривков Алексей Сергеевич ,07.2.002.05 (Д 215.002.09),Клинико–функциональное обоснование метода создания и реализации трехмерного дизайн–проекта краевого пародонта при эстетическом протезировании,01.12.2014,14.01.14 – стоматология,Мадай Д.Ю.,–,2014,,,
Илюхин Евгений Аркадьевич,Д 215.002.10,Обоснование режимов применения эндоваскулярных методов в хирургическом лечении варикозной болезни,06.10.2014,14.01.17 – хирургия,Шайдаков Е.В.,–,2014,,,
Жабин Анатолий Валерьевич,Д 215.002.10,Обоснование выбора тактики оказания медицинской помощи при повреждениях живота с продолжающимся кровотечением на передовых этапах медицинской эвакуации (экспериментально–клиническое исследование),20.10.2014,"14.01.17 – хирургия
20.02.28 – военная медицина
",Самохвалов И.М.,Селезнев А.Б.,2014,,,
Радыш Василий Григорьевич,Д 215.002.10,"Оптимизация тактики и техники оперативного лечения оскольчатых переломов вертлужной впадины у пострадавших с механической травмой, сопровождающейся шоком",22.12.2014,14.01.15 – травматология и ортопедия,Кашанский Ю.Б.,–,2014,,,
Суров Дмитрий Александрович,Д 215.002.10,Современная тактика хирургического лечения больных острой обтурационной толстокишечной непроходимостью опухолевого генеза,17.11.2014,"14.01.17 – хирургия
14.01.12 – онкология",Кабанов М.Ю.,Беляев Алексей Михайлович,2014,,,
Сергеев Алексей Вячеславович,Д 215.002.05,Радикальная цистэктомия: выбор метода деривации мочи и отдаленные результаты,23.10.2014,14.01.23 – урология,Комяков Б.К.,–,2014,,,
Смирнов Семен Владимирович ,Д 215.002.06,Влияние тактики амбулаторного наблюдения на повышение приверженности к гипотензивной терапии больных гипертонической болезнью,08.12.2014,14.01.05 – кардиология,Шуленин С.Н.,–,2014,,,
Волков Андрей Михайлович,Д 215.002.10,Коронарное шунтирование у пациентов с высоким риском развития осложнений,20.10.2014,14.01.26 – сердечно–сосудистая хирургия,Хубулава Геннадий Григорьевич,–,2014,,,
Вецмадян Елена Анатольевна,Д 215.002.11 (Закрыт с 12.10.2022),Роль ультразвуковой диагностики и эластографии в определении тактики хирургического лечения опухолей и опухолеподобных образований мягких тканей в амбулаторных условиях,26.09.2014,"14.01.13 – лучевая диагностика, лучевая терапия",Труфамов Г.Е.,–,2014,,,
Честнова Галина Павловна ,Д 215.002.03,Психофизиологические критерии здоровьесберегающих технологий обучения,21.10.2014,19.00.02 – психофизиология,Сысоев Владимир Николаевич,,2014,,,
Ярцева Анна Александровна,Д 215.002.03 (Закрыт с 15.07.2022),Патофизиологические основы применения дисульфидов глутатиона в качестве средств профилактики и лечения химиолучевых оральных мукозитов у больных раком орофарингеальной области (клинико–экспериментальное исследование),12.05.2015,14.03.03 – патологическая физиология,Гребенюк Александр Николаевич,–,2015,,,
Гофман Вера Владимировна,07.2.002.05 (Д 215.002.09),Патогенетическое обоснование способов лечения больных хроническим тонзиллитом,01.06.2015,"14.01.03 – болезни уха, горла и носа, 14.03.06 – фармакология, клиническая фармакология",Дворянчиков Владимир Владимирович,Плужников Николай Николаевич,2015,,,
Бондарев Сергей Анатольевич,07.2.002.03 (Д 215.002.06) ,Состояние сердца при хроническом психоэмоциональном стрессе,08.06.2015,14.01.05 – кардиология,Земцовский Эдуард Вениаминович,–,2015,,,
Сосин Денис Владимирович,07.2.002.04 (Д 215.002.07) (Закрыт с 10.05.2024),Селенсодержащие металлокомплексные соединения при острой экзогенной гипоксии,16.06.2015,"14.03.06 – фармакология, клиническая фармакология, 14.03.03 – патологическая физиогогия",Евсеев Андрей Викторович,Шабанов Петр Дмитриевич,2015,,,
Глущенко Вита Валентиновна,07.2.002.04 (Д 215.002.07) (Закрыт с 10.05.2024),Рациональная фармакотерапия гиперкинетического расстройства у подростков,16.06.2015,"14.03.06 – фармакология, клиническая фармакология",Шабанов Петр Дмитриевич,–,2015,,,
Рудько Александр Сергеевич,07.2.002.05 (Д 215.002.09),"Клинико–морфологическая оценка эффективности раннего применения временной блефарорафии, покрытия глазной поверхности амниотической мембраной и их сочетания при тяжелых щелочных ожогах роговицы и лимба (экспериментальное исследование)",14.09.2015,"14.01.07 – глазные болезни
14.03.02 – патологическая анатомия",Чурашов Сергей Викторович,Чирский Вадим Семенович,2015,,,
Прохватилов Олег Геннадиевич,07.2.002.05 (Д 215.002.09),Оценка эффективности пользования полными съемными протезами нижней челюсти в зависимости от выраженности атрофии тканей протезного ложа,14.09.2015,14.01.14 – стоматология,Гребнев Геннадий Александрович,–,2015,,,
Орлов Алексей Константинович,07.2.002.05 (Д 215.002.09),Клиническое течение и лечение гиперестезии твердых тканей зубов у людей пожилого и старческого возраста,14.09.2015,14.01.14 – стоматология,Иорданишвили Андрей Константинович,–,2015,,,
Лахин Роман Евгеньевич,07.2.002.04 (Д 215.002.07) (Закрыт с 10.05.2024),"Селективная спинальная анестезия у больных, раненых и пострадавших",15.09.2015,14.01.20 – анестезиология и реаниматология,Щеголев Алексей Валерианович,–,2015,,,
Кунеев Константин Петрович,07.2.002.04 (Д 215.002.07) (Закрыт с 10.05.2024),Оптимизация инфузионной терапии при острой массивной кровопотере тяжёлой и крайне тяжёлой степени у пострадавших с политравмой в периоде травматического шока,15.09.2015,14.01.20 – анестезиология и реаниматология,Гаврилин Сергей Викторович,–,2015,,,
Любан Анна Константиновна,07.2.002.01 (Д 215.002.01), Трансцеребральная электромагнитотерапия у больных миомой матки в раннем послеоперационном периоде,21.09.2015,"14.03.11 – восстановительная медицина, спортивная медицина, лечебная физкультура, курортология и физиотерапия; 14.01.01 – акушерство и гинекология",Пономаренко Геннадий Николаевич,Айламазян Эдуард Карпович,2015,,,
Гневышев Евгений Николаевич,Д 215.002.04 (Закрыт с 15.04.2022), Особенности нейропластических изменений головного мозга при травматической аксонотомии плечевого сплетения по данным МР–морфометрии и МР–трактографии,21.09.2015,14.01.11 – нервные болезни,Живолупов Сергей Анатольевич,–,2015,,,
Денисова Елена Викторовна,07.2.002.03 (Д 215.002.06),Послеоперационная фармакотерапия осложненной дуоденальной язвы,21.09.2015,14.01.04 – внутренние болезни,Назаров Виталий Евгеньевич,–,2015,,,
Газизова Гульназ Рашидовна,07.2.002.03 (Д 215.002.06),Маркеры воспаления диабетической нефропатии у беременных с СД 1 типа,21.09.2015,14.01.02 – эндокринология,Валеева Фарида Вадутовна,–,2015,,,
Пастушенков Алексей Владимирович,Д 215.002.04 (Закрыт с 15.04.2022), Экспресс–диагностика аддиктивных расстройств у военнослужащих,21.09.2015,14.01.06 – психиатрия,Шамрей Владислав Казимирович,–,2015,,,
Передельский Евгений Владимирович,07.2.002.01 (Д 215.002.01),Лечение тяжелых форм острых респираторных вирусных инфекций у лиц молодого возраста,21.09.2015,14.01.09 – инфекционные болезни,Жданов Константин Валерьевич,–,2015,,,
Корзунин Андрей Владимирович,Д 215.002.03 (Закрыт с 15.07.2022),Психофизиологические критерии оценки нервно–психической устойчивости в процессе военно–профессиональной адаптации военнослужащих,22.09.2015,19.00.02 – психофизиология,Юсупов Владислав Викторович,–,2015,,,
Магонов Евгений Петрович,Д 215.002.11 (Закрыт с 12.10.2022),Комплексная магнитно–резонансная морфометрия очаговых и атрофических изменений головного мозга (на примере рассеянного склероза и ранних стадий ВИЧ–инфекции),25.09.2015,"14.01.13 – лучевая диагностика, лучевая терапия",Трофимова Татьяна Николаевна,–,2015,,,
Халютин Денис Александрович,Д 215.002.11 (Закрыт с 12.10.2022),Экспериментальная оценка эффективности применения пептидных препаратов при отравлении этиловым спиртом,25.09.2015,"14.03.04 – токсикология, 14.03.06 – фармакология, клиническая фармакология",Гребенюк Александр Николаевич,Рейнюк Владимир Леонидович,2015,,,
Мешаков Дмитрий Петрович,07.2.002.04 (Д 215.002.07) (Закрыт с 10.05.2024),Оптимизация реаниматологической помощи пострадавшим при сочетании тяжелой черепно–мозговой травмы с тяжелой травмой груди,29.09.2015,14.01.20 – анестезиология и реаниматология, Гаврилин Сергей Викторович ,–,2015,,,
Коновалов Петр Владимирович,07.2.002.02 (Д 215.002.02),Морфологические особенности миометрия при дисплазии соединительной ткани,05.10.2015,14.03.02 – патологическая анатомия,Митрофанова Любовь Борисовна,–,2015,,,
Шефер Тимур Васильевич,Д 215.002.11 (Закрыт с 12.10.2022),Патогенетические основы медикаментозной коррекции ранних проявлений острого резорбтивного действия ипритов. Развитие концепции эндотоксикоза,09.10.2015,14.03.04  – токсикология,Ивницкий Юрий Юрьевич,–,2015,,,
Савинцева Жанна Игоревна,Д 215.002.11 (Закрыт с 12.10.2022),Дифференциальная диагностика очаговых лучевых поражений головного мозга и продолженного роста церебральных опухолей при помощи комплексного лучевого обследования,09.10.2015,"14.01.13 – лучевая диагностика, лучевая терапия",Трофимова Татьяна Николаевна,–,2015,,,
Сергеева Ирина Леонидовна,07.2.002.05 (Д 215.002.09),Совершенствование лечения деструктивных форм хронического периодонтита в лечебных учреждениях МО РФ,12.10.2015,14.01.14 – стоматология,Гребнев Геннадий Александрович,–,2015,,,
Солдатов Иван Константинович,07.2.002.05 (Д 215.002.09),Организация оказания стоматологической помощи прикрепленным контингентам в территориальной системе медицинского обеспечения военного округа,12.10.2015,"14.01.14 – стоматология 
14.02.03 – общественное здоровье и здравоохранение",Гребнев Геннадий Александрович,Кульнев Сергей Вадимович,2015,,,
Воронов Алексей Владимирович,07.2.002.05 (Д 215.002.09),Преимущества эндоскопической ринохирургии в комплексном лечении назальной ликвореи и сочетанной патологии полости носа и околоносовых пазух,12.10.2015,"14.01.03 – болезни уха, горла и носа, 14.01.18 – нейрохирургия",Гофман Виктор Робертович,Черебилло Владислав Юрьевич,2015,,,
Шаламанов Николай Сергеевич, 07.2.002.04 (Д 215.002.07) (Закрыт с 10.05.2024),Комплексная консервативная терапия дегенеративно–дистрофических заболеваений позвоночника с применением хондропротекторов,13.10.2015,"14.03.06 – фармакология, клиническая фармакология, 14.03.03 – патологическая физиология",Родичкин Павел Васильевич,Шабанов Петр Дмитриевич,2015,,,
Короткий Дмитрий Владимирович,07.2.002.03 (Д 215.002.06),"Структурно–функциональные изменения сердца у больных, находящихся на перитонеальном диализе",19.10.2015,14.01.05 – кардиология,Макеева Татьяна Ивановна,–,2015,,,
Бибулатов Бийтемир Висирпашаевич,Д 215.002.04 (Закрыт с 15.04.2022),Особенности клинических и гемостатических показателей у пациентов с лакунарным инсультом в остром периоде,19.10.2015,14.01.11 – нервные болезни; 14.03.10 – клиническая лабораторная диагностика,Голдобин Виталий Витальевич,Вавилова Татьяна Владимировна ,2015,,,
Гришин Игорь Станиславович,07.2.002.01 (Д 215.002.01),"Современные особенности течения, рациональная вакцинопрофилактика и терапия гриппа А у военнослужащих",19.10.2015,14.01.09 – инфекционные болезни,Жданов Константин Валерьевич,–,2015,,,
Козлов Константин Вадимович,07.2.002.01 (Д 215.002.01),"Хронические вирусные гепатиты: клиника, диагностика, лечение, наблюдение и экспертиза в военно–медицинских учреждениях",19.10.2015,14.01.09 – инфекционные болезни,Жданов Константин Валерьевич,–,2015,,,
Бодрова Татьяна Владимировна,Д 215.002.04 (Закрыт с 15.04.2022),Особенности диагностики дисциркуляторной энцефалопатии у военнослужащих,19.10.2015,14.01.11 – нервные болезни,Живолупов Сергей Анатольевич,–,2015,,,
Скиба Ярослав Богданович,Д 215.002.04 (Закрыт с 15.04.2022),Клинико–электроэнцефалографические принципы определения локализации эпилептогенного очага,19.10.2015,14.01.11 – нервные болезни,Одинак Мирослав Михайлович,–,2015,,,
Болотокова Ольга Владимировна,Д 215.002.04 (Закрыт с 15.04.2022),Прогноз функциональных и органических расстройств нервной системы у военнослужащих (клинические и биохимические аспекты),19.10.2015,14.01.11 – нервные болезни; 14.01.06 – психиатрия,Живолупов Сергей Анатольевич,Марченко Андрей Александрович,2015,,,
Пугачев Максим Игоревич,07.2.002.03 (Д 215.002.06),Состояние сердечно–сосудистой системы и некоторых факторов нейро–гуморальной регуляции у больных ожоговой болезнью,19.10.2015,14.01.04 – внутренние болезни,Шустов Сергей Борисович,–,2015,,,
Ким Марина Владимировна,07.2.002.03 (Д 215.002.06),"Полиморфизм генов белка, переносящего эфиры холестерина, параоксоназы 1 и эффективность гиполипидемической терапии у больных сахарным диабетом 2 типа",19.10.2015,14.01.02 – эндокринология,Баранова Елена Ивановна,–,2015,,,
Панов Владимир Андреевич,07.2.002.04 (Д 215.002.07) (Закрыт с 10.05.2024),Современные методы обезболивания на передовых этапах оказания медицинской помощи в Вооруженных Силах Российской Федерации,27.10.2015,14.01.20 – анестезиология и реаниматология,Щеголев Алексей Валерианович,–,2015,,,
Герасимов Денис Геннадьевич,07.2.002.04 (Д 215.002.07) (Закрыт с 10.05.2024),Управляемость по концентрации тотальной внутривенной анестезии в военно–медицинских учреждениях,27.10.2015,14.01.20 – анестезиология и реаниматология,Щеголев Алексей Валерианович,–,2015,,,
Тишко Валерий Владимирович,07.2.002.03 (Д 215.002.06),Эфферентная терапия в профилактике и лечении рестеноза коронарных артерий,16.11.2015,"14.01.05 – кардиология, 14.01.21 – гематология и переливание крови",Бельских Андрей Николаевич,Тыренко Вадим Витальевич,2015,,,
Литвинцев Богдан Сергеевич,Д 215.002.04 (Закрыт с 15.04.2022),Неврологические нарушения у потенциального воинского контингента при наркомании,23.11.2015,14.01.11 – нервные болезни,Одинак Мирослав Михайлович,–,2015,,,
Воробьева Марина Николаевна,Д 215.002.04 (Закрыт с 15.04.2022),Клинико – нейрофункциональная диагностика дискогенных радикулопатий в структуре дорсопатий пояснично – крестцовой локализации,23.11.2015,14.01.11 – нервные болезни,Живолупов Сергей Анатольевич,–,2015,,,
Аганов Дмитрий Сергеевич,Д 215.002.03 (Закрыт с 15.07.2022),"Нарушения минерального обмена костной ткани у военнослужащих, проходящих службу в условиях Севера",24.11.2015,14.03.03 – патологическая физиология; 14.01.22 – ревматология,Цыган Василий Николаевич,Тыренко Вадим Витальевич,2015,,,
Ходько Светлана Владимировна,07.2.002.04 (Д 215.002.07) (Закрыт с 10.05.2024),Эффективность лекарственных препаратов природного происхождения в экспериментальных моделях воспаления верхних дыхательных путей,08.12.2015,"14.03.06 – фармакология, клиническая фармакология, 14.03.03 – патологическая физиология",Шабанов Петр Дмитриевич,Макарова Марина Николаевна,2015,,,
Монид Максим Викторович,07.2.002.04 (Д 215.002.07) (Закрыт с 10.05.2024),Фармакологическая коррекция постишемических повреждений лимбических структур головного мозга по данным морфологического анализа,08.12.2015,"14.03.06 – фармакология, клиническая фармакология, 03.03.04 – клеточная биология, цитология, гистология",Шабанов Петр Дмитриевич,Дробленков Андрей Всеволодович,2015,,,
Ворокутова Ольга Владимировна,07.2.002.05 (Д 215.002.09),Иммуно–морфологические особенности теноновой капсулы и клинико–функциональные характеристики детей с миопией,14.12.2015,14.01.07 – глазные болезни,Петров Сергей Анатольевич,–,2015,,,
Литвишко Алексей Александрович, 07.2.002.01 (Д 215.002.01),Клинико–организационные аспекты профилактического использования наружных антибактериальных средств у военнослужащих,14.12.2015,14.01.10 – кожные и венерические болезни; 14.02.03 – общественное здоровье и здравоохранение,Барбинов Вячеслав Витальевич,Жидик Владимир Вячеславович,2015,,,
Шайтанова Татьяна Юрьевна,07.2.002.04 (Д 215.002.07) (Закрыт с 10.05.2024),Глиальный пептид s100b как предиктор ранних неврологических осложнений при инфаркте головного мозга,22.12.2015,14.01.20 – анестезиология и реаниматология,Недашковский Эдуард Владимирович,–,2015,,,
Носович Дмитрий Владимирович,07.2.002.03 (Д 215.002.06),Особенности течения первичного и повторного инфаркта миокарда у мужчин молодого и среднего возраста с артериальной гипертензией в условиях терапевтического стационара,24.12.2015,14.01.05 – кардиология,Яковлев Владимир Валерьевич,–,2015,,,
Пищугина Алена Владимировна,07.2.002.03 (Д 215.002.06),Патология щитовидной железы в структуре заболеваемости работников промышленных предприятий в йододефицитном регионе,24.12.2015,14.01.02 – эндокринология,Белякова Наталья Александровна,–,2015,,,
Абулула Мария,07.2.002.03 (Д 215.002.06), Влияние генетических полиморфизмов в генах CYP2C9 и SLC22А1(ОСТ1) на индивидуальную восприимчивость к гликлазиду и метформину у больных сахарным диабетом 2 типа,24.12.2015,14.01.02 – эндокринология, Баранов Виталий Леонидович,–,2015,,,
Микитюк Сергей Иванович,07.2.002.02 (Д 215.002.02),Анатомическое обоснование формирования костных трансплантатов на сосудистой ножке в различных сегментах верхней конечности (экспериментально–клиническое исследование),24.12.2015,14.03.01 – анатомия человека; 14.01.15 – травматология и ортопедия,Гайворонский Иван Васильевич,Губочкин Николай Григорьевич,2015,,,
Хейнштейн Валерия Александровна,07.2.002.02 (Д 215.002.02),Патоморфологическая характеристика спектра веретеноклеточных меланом,24.12.2015,14.03.02 – патологическая анатомия,Шелехова Ксения Владимировна,–,2015,,,
Васильев Юрий Александрович,Д 215.002.11 (Закрыт с 12.10.2022),Цифровая микрофокусная технология рентгенографии в оценке анатомического строения зубов (экспериментальное исследование),25.12.2015,"14.01.13 – лучевая диагностика, лучевая терапия",Дударев Анатолий Лукич,Алпатова Виктория Георгиевна,2015,,,
Петрова Виктория Борисовна,07.2.002.03 (Д 215.002.06), Особенности вегетативной регуляции и восприятия боли у больных с кардиальным синдромом Х,18.01.2016,14.01.05 – кардиология,Болдуева Светлана Афанасьевна,–,2016,,,
Савельева Каролина Анатольевна,07.2.002.03 (Д 215.002.06),Влияние функционального состояния кальцийрегулирующей системы на минеральную плотность костной ткани,18.01.2016,14.01.02 – эндокринология,Котова Светлана Михайловна,–,2016,,,
Панова Оксана Вадимовна,07.2.002.03 (Д 215.002.06),Соматический статус у молодых женщин после медицинского аборта,18.01.2016,14.01.04 – внутренние болезни,Куликов Александр Матвеевич,–,2016,,,
Воейков Иван Михайлович,07.2.002.04 (Д 215.002.07) (Закрыт с 10.05.2024),Фармакологическая регуляция поведения пептидными препаратами при центральном и системном введении у крыс,19.01.2016,"14.03.06 – фармакология, клиническая фармакология 
03.03.01 – физиология",Шабанов Петр Дмитриевич,Стрельцов Владимир Федорович,2016,,,
Баутин Андрей Евгеньевич,07.2.002.04 (Д 215.002.07) (Закрыт с 10.05.2024),Профилактика и интенсивная терапия острого респираторного дистресс–синдрома после операций на сердце и аорте,19.01.2016,14.01.20 – анестезиология и реаниматология,Полушин Юрий Сергеевич,–,2016,,,
Шумилов Евгений Григорьевич,07.2.002.04 (Д 215.002.07) (Закрыт с 10.05.2024),Участие орексинов структур расширенной миндалины в подкрепляющем действии наркогенов,02.02.2016,"14.03.06 – фармакология, клиническая фармакология 
03.03.01 – физиология",Шабанов Петр Дмитриевич,Лебедев Андрей Андреевич,2016,,,
Кулай Дмитрий Георгиевич,Д 215.002.03 (Закрыт с 15.07.2022),Патофизиологическое обоснование антидиуретической терапии при доброкачественной гиперплазии предстательной железы,09.02.2016,14.03.03 – патологическая физиология; 14.01.23 – урология,Цыган Василий Николаевич,Протощак Владимир Владимирович,2016,,,
Новиков Михаил Владимирович,07.2.002.03 (Д 215.002.06)," Функциональное состояние эндотелия и тканевая микроциркуляция у молодых лиц, работающих в условиях повышенного давления газовой среды",15.02.2016,"14.03.08 – авиационная, космическая и морская медицина",Свистов Александр Сергеевич,–,2016,,,
Стеклов Владимир Иванович,07.2.002.03 (Д 215.002.06),"Тахиаритмии сердца: стратегия диагностики, лечения и новые подходы к военно–врачебной экспертизе после радиочастотной аблации",15.02.2016,14.01.05 – кардиология; 14.01.26 – сердечно–сосудистая хирургия,Симоненко Владимир Борисович,Хубулава Геннадий Григорьевич,2016,,,
Кирсанова Леся Васильевна,07.2.002.01 (Д 215.002.01),Изменения кожи шеи у женщин и их коррекция с применением фракционного фототермолиза и инфракрасного термолифтинга,15.02.2016,14.01.10 – кожные и венерические болезни, Аравийская Елена Роальдовна,–,2016,,,
Рассказов Ярослав Александрович,07.2.002.01 (Д 215.002.01),Эффективность дальней длинноволновой ультрафиолетовой UVA–1 терапии в лечении больных псориазом,15.02.2016,14.01.10 – кожные и венерические болезни,Бакулев Андрей Леонидович,–,2016,,,
Лихолетова Наталья Викторовна,07.2.002.04 (Д 215.002.07) (Закрыт с 10.05.2024),Роль позиционирования больного в интенсивной терапии нетравматических внутричерепных кровоизлияний,16.02.2016,14.01.20 – анестезиология и реаниматология,Горбачёв Владимир Ильич,–,2016,,,
Гусев Роман Владимирович,07.2.002.04 (Д 215.002.07) (Закрыт с 10.05.2024),Особенности течения внебольничной пневмонии у военнослужащих по призыву после вакцинации инактивированной вакциной для профилактики гриппа,01.03.2016,14.01.25 – пульмонология,Халимов Юрий Шавкатович,–,2016,,,
Рубцов Юрий Евгеньевич,07.2.002.03 (Д 215.002.06),Клинико–патогенетические и функциональные особенности внебольничных пневмоний тяжелого течения у военнослужащих молодого возраста,14.03.2016,14.01.04 – внутренние болезни,Халимов Юрий Шавкатович,–,2016,,,
Постоева Анна Викторовна,07.2.002.03 (Д 215.002.06),Влияние снижения массы тела на структурно–функциональные показатели миокарда у женщин с ожирением различной выраженности,14.03.2016,14.01.04 – внутренние болезни,Дворяшина Ирина Владимировна,–,2016,,,
Андреева Галина Олеговна,Д 215.002.04 (Закрыт с 15.04.2022),Хронический болевой синдром при заболеваниях периферической нервной системы,14.03.2016,14.01.11 – нервные болезни,Емельянов Александр Юрьевич,–,2016,,,
Гладков Сергей Анатольевич,07.2.002.02 (Д 215.002.02),Патологическая анатомия гриппа в современных условиях,28.03.2016,14.03.02 – патологическая анатомия,Цинзерлинг Всеволод Александрович,–,2016,,,
Крылова Юлия Сергеевна,07.2.002.02 (Д 215.002.02),Иммуногистохимические критерии имплантационной восприимчивости эндометрия,28.03.2016,14.03.02 – патологическая анатомия,Кветной Игорь Моисеевич,–,2016,,,
Павлыш Андрей Владиславович,07.2.002.04 (Д 215.002.07) (Закрыт с 10.05.2024),Фармакоэкономическая оценка эффективности химиотерапии в системе онкологической помощи,05.04.2016,"14.03.06 – фармакология, клиническая фармакология, 14.02.03 – общественное здоровье и здравоохранение",Колбин Алексей Сергеевич,Вишняков Николай Иванович,2016,,,
Феоктистова Валерия Сергеевна,07.2.002.03 (Д 215.002.06),"Генетические и биохимические маркеры, ассоциированные с развитием ишемической болезни сердца у женщин молодого и среднего возраста",18.04.2016,"14.01.04 – внутренние болезни, 14.03.10 – клиническая лабораторная диагностика",Болдуева Светлана Афанасьевна,Сироткина Ольга Васильевна,2016,,,
Лобзин Владимир Юрьевич,Д 215.002.04 (Закрыт с 15.04.2022),"Сосудисто–нейродегенеративные когнитивные нарушения (патогенез, клинические проявления, ранняя и дифференциальная диагностика)",18.04.2016,14.01.11 – нервные болезни,Одинак Мирослав Михайлович,–,2016,,,
Карев Вадим Евгеньевич,07.2.002.01 (Д 215.002.01), Клинические и иммуно–морфологические аспекты патогенеза хронической HBV– и HCV–инфекции,19.04.2016,14.01.09 – инфекционные болезни; 14.03.02 – патологическая анатомия,Лобзин Юрий Владимирович,Цинзерлинг Всеволод Александрович,2016,,,
Бакланов Денис Викторович,Д 215.002.03 (Закрыт с 15.07.2022),Особенности патогенеза острого кислородного отравления у водолазов и подводников,19.04.2016,"14.03.03 – патологическая физиология; 14.03.08 – авиационная, космическая и морская медицина",Николаев Валентин Иванович,Стаценко Анатолий Васильевич,2016,,,
Зельтер Павел Михайлович,Д 215.002.11 (Закрыт с 12.10.2022),Компьютерная томография в диагностике и фенотипировании хронической обструктивной болезни легких,22.04.2016,"14.01.13 – лучевая диагностика, лучевая терапия",Капишников Александр Викторович,–,2016,,,
Ерошенко Максим Евгеньевич,Д 215.002.04 (Закрыт с 15.04.2022),Совершенствование тактики лечения больных с опухолями головного мозга на основе картирования моторной зоны коры путем навигационной транскраниальной магнитной стимуляции,11.05.2016,14.01.18 – нейрохирургия,Щербук Александр Юрьевич,–,2016,,,
Негруша Надежда Александровна,07.2.002.03 (Д 215.002.06),"Метаболический синдром у беременных: особенности течения, диагностики, лечения и профилактики",16.05.2016,14.01.04 – внутренние болезни; 14.01.01 – акушерство и гинекология,Гордиенко Александр Волеславович,Молчанов Олег Леонидович,2016,,,
Волкова Анна Ральфовна,07.2.002.03 (Д 215.002.06),Субклинический гипотиреоз как фактор сердечно–сосудистого риска у больных ишемической болезнью сердца,16.05.2016,14.01.02 – эндокринология,Гринева Елена Николаевна,–,2016,,,
Ковальчук Евгений Юрьевич,07.2.002.03 (Д 215.002.06),Прогностическое значение маркеров системного воспалительного ответа при постинфарктных разрывах сердца,23.05.2016,14.01.05 – кардиология,Сорока Владимир Васильевич,–,2016,,,
Ошоров Андрей Васильевич,07.2.002.04 (Д 215.002.07) (Закрыт с 10.05.2024),Мониторинг церебрального перфузионного давления и ауторегуляции мозгового кровотока при интенсивной терапии тяжелой черепно–мозговой травмы,07.06.2016,14.01.20 – анестезиология и реаниматология,Потапов Александр Александрович,–,2016,,,
Антипушина Диана Николаевна,07.2.002.04 (Д 215.002.07) (Закрыт с 10.05.2024),Клинические и прогностические аспекты саркоидоза органов дыхания у военнослужащих,07.06.2016,14.01.25 пульмонология,Зайцев Андрей Алексеевич,–,2016,,,
Онищенко Екатерина Сергеевна,07.2.002.05 (Д 215.002.09),Лечение заболеваний век с применением радиоволнового и лазерного излучения ближнего инфракрасного диапазона,14.05.2016,14.01.07 – глазные болезни,Новиков Сергей Александрович,–,2016,,,
Тытюк Сергей Юрьевич,07.2.002.05 (Д 215.002.09),"Стоматологический статус взрослых людей, страдающих болезнью Крона и хроническим неспецифическим язвенным колитом",14.06.2016,14.01.14 – стоматология,Иорданишвили Андрей Константинович,–,2016,,,
Солдаткина Аксинья Сергеевна,07.2.002.05 (Д 215.002.09),Совершенствование системы оказания амбулаторной стоматологической помощи курсантам высших военных учебных заведений МО РФ,14.06.2016,14.01.14 – стоматология,Иорданишвили Андрей Константинович,–,2016,,,
Бобров Андрей Львович,07.2.002.03 (Д 215.002.06),Оценка функционального резерва деятельности сердца при помощи стресс–визуализирующих методов исследования,20.06.2016,14.01.05 – кардиология,Хубулава Геннадий Григорьевич,–,2016,,,
Мирохина Мария Алексеевна,07.2.002.03 (Д 215.002.06), Комплексная характеристика показателей кардиоваскулярного риска у лиц молодого возраста с предгипертензией в зависимости от особенностей постнагрузочной гликемии,20.06.2016,14.01.05 – кардиология,Барсуков Антон Владимирович,–,2016,,,
Ковалевский Александр Мечиславович,07.2.002.05 (Д 215.002.09),"Морфофункциональное обоснование профилактики и лечения стоматологических заболеваний у военнослужащих, подвергающихся воздействию общей вибрации (клинико–экспериментальное исследование)",20.06.2016,"14.01.14 – стоматология 
14.03.01 – анатомия человека",Иорданишвили Андрей Константинович,Гайворонский Иван Васильевич,2016,,,
Кутелев Геннадий Геннадьевич,07.2.002.03 (Д 215.002.06),"Особенности сердечного ритма и проводимости, коронарного кровотока у водолазов Военно–морского флота по результатам функциональных исследований",20.06.2016,14.01.05 – кардиология,Черкашин Дмитрий Викторович,–,2016,,,
Арутюнян Анна Врежевна,Д 215.002.03 (Закрыт с 15.07.2022),Роль взаимодействий холинергической и ГАМК–ергической систем в патогенезе длительных бессознательных состояний при тяжелых отравлениях нейротоксикантами,21.06.2016,"14.03.03 – патологическая физиология, 14.03.04 – токсикология",Марьянович Александр Тимурович,Александров Михаил Всеволодович ,2016,,,
Быкова Александра Львовна,Д 215.002.11 (Закрыт с 12.10.2022),Компьютерная томографическая ангиография и магнитно–резонансная томография в оценке распространенности рака желудка на предоперационном этапе,24.06.2016,"14.01.13 – лучевая диагностика, лучевая терапия",Сперанская Александра Анатольева,–,2016,,,
Ильюшенкова Юлия Николаевна,Д 215.002.11 (Закрыт с 12.10.2022),Возможности комплексной сцинтиграфической диагностики латентных воспалительных изменений миокарда у больных с фибрилляцией предсердий,24.06.2016,"14.01.13 – лучевая диагностика, лучевая терапия, 14.01.05 – кардиология",Попов Сергей Валентинович,Сазонова Светлана Ивановна,2016,,,
Толкач Павел Геннадьевич,Д 215.002.11 (Закрыт с 12.10.2022),Экспериментальная оценка эффективности применения нейропептидов при остром отравлении оксидом углерода,24.06.2016,"14.03.04 – токсикология, 14.03.06 – фармакология, клиническая фармакология",Гребенюк Александр Николаевич,Башарин Вадим Александрович,2016,,,
Страхов Илья Владимирович,07.2.002.04 (Д 215.002.07) (Закрыт с 10.05.2024),Коррекция окислительного стресса у пострадавших с травматическим шоком,06.09.2016,14.01.20 – анестезиология и реаниматология,Лапшин Владимир Николаевич,–,2016,,,
Горбань Вера Ивановна,07.2.002.04 (Д 215.002.07) (Закрыт с 10.05.2024),Общая анестезия с автоматизированным контролем концентрации анестетиков и расширенным мониторингом при вмешательствах на позвоночнике и спинном мозге,06.09.2016,14.01.20 – анестезиология и реаниматология,Щеголев Алексей Валерианович,–,2016,,,
Гайсина Гульфия Яудатовна,07.2.002.05 (Д 215.002.09),Обоснование применения глазных лекарственных пленок с моксифлоксацином,19.09.2016,14.01.07 – глазные болезни,Азнабаев Марат Талгатович,–,2016,,,
Габдрахманов Ильнур Адисович,07.2.002.01 (Д 215.002.01),Клинико–вирусологическая и морфологическая характеристика хронического гепатита В на различных фазах заболевания,19.09.2016,14.01.09 – инфекционные болезни,Жданов Константин Валерьевич,–,2016,,,
Петрова Анна Юрьевна,07.2.002.01 (Д 215.002.01),Дифференциальная диагностика кожной формы острой реакции «трансплантат против хозяина»,19.09.2016,14.01.10 – кожные и венерические болезни; 14.03.02 – патологическая анатомия,Белоусова Ирена Эдуардовна,Байков Вадим Валентинович,2016,,,
Боброва Екатерина Анатольевна,07.2.002.05 (Д 215.002.09),Оценка состояния твердых тканей зуба в процессе ортодонтического лечения,19.09.2016,14.01.14 – стоматология,Антонова Ирина Николаевна,–,2016,,,
Адхамов Бахтияр Марксович,07.2.002.01 (Д 215.002.01),Клинико–организационные аспекты совершенствования физиотерапевтической помощи военнослужащим,19.09.2016,"14.03.11 – восстановительная медицина, спортивная медицина, лечебная физкультура, курортология и физиотерапия 
14.02.03 – общественное здоровье и здравоохранение",Пономаренко Геннадий Николаевич,Русев Илья Трифонович,2016,,,
Салманов Илгар Бабаевич,07.2.002.05 (Д 215.002.09), Оценка эффективности эндодонтического лечения зубов у военнослужащих в военно–медицинских организациях Министерства обороны Российской Федерации,19.09.2016,14.01.14 – стоматология,Иорданишвили Андрей Константинович,–,2016,,,
Ростовцев Дмитрий Михайлович,Д 215.002.04 (Закрыт с 15.04.2022)," Злокачественные супратенториальные астроцитарные опухоли: организация медицинской помощи, новые технологии и результаты лечения",20.09.2016,14.01.18 – нейрохирургия,Яковенко Игорь Васильевич,–,2016,,,
Тихенко Виталий Викторович,Д 215.002.04 (Закрыт с 15.04.2022),Профилактика аддиктивного поведения у военнослужащих (с позиций многоосевой диагностики),20.09.2016,14.01.06 – психиатрия,Шамрей Владислав Казимирович,–,2016,,,
Петрова Елена Валерьевна,Д 215.002.11 (Закрыт с 12.10.2022),Прогнозирование исхода и оптимизация тактики ведения беременности при кистозной гигроме шеи плода по данным ультразвукового исследования,23.09.2016,"14.01.13 – лучевая диагностика, лучевая терапия",Трофимова Татьяна Николаевна,–,2016,,,
Теплов Константин Владимирович,07.2.002.02 (Д 215.002.02),"Судебно–медицинская диагностика пола, возраста и длины тела взрослого человека на основе дерматоглифических признаков стоп",26.09.2016,14.03.05 – Судебная медицина,Божченко Александр Петрович,–,2016,,,
Назаров Юрий Викторович,07.2.002.02 (Д 215.002.02),Судебно–медицинская характеристика повреждений тела человека пилящим электроинструментом с возвратно–поступательным движением полотна,26.09.2016,14.03.05 – Судебная медицина,Толмачев Игорь Анатольевич,–,2016,,,
Иванов Владимир Владимирович,07.2.002.04 (Д 215.002.07) (Закрыт с 10.05.2024)," Состояние сердечно–сосудистой, дыхательной систем и некоторых факторов их регуляции у военнослужащих с внебольничной пневмонией",27.09.2016,14.01.25 – пульмонология,Харитонов Михаил Анатольевич,–,2016,,,
Алиев Арсен Камильевич,07.2.002.06 (Д 215.002.14),Диагностика и лечение ятрогенных повреждений желчевыводящих протоков,10.10.2016,14.01.17 – хирургия,Ромащенко Павел Николаевич ,–,2016,,,
Щугарева Людмила Михайловна,Д 215.002.04 (Закрыт с 15.04.2022),Оптимизация диагностики заболеваний головного мозга у детей в условиях многопрофильной детской больницы (системный подход),10.10.2016,14.01.11 – нервные болезни,Иова Александр Сергеевич,–,2016,,,
Коскин Валерий Сергеевич,07.2.002.06 (Д 215.002.14),Совершенствование системы профилактики раневой инфекции у раненых на этапах медицинской эвакуации,10.10.2016,14.01.17 – хирургия,Самохвалов Игорь Маркеллович,–,2016,,,
Алексеев Валерий Семенович,07.2.002.02 (Д 215.002.02),Морфофункциональное обоснование операций на гастроспленопанкреатическом комплексе и профилактика осложнений при вынужденной спленэктомии,17.09.2016,14.03.01 – анатомия человека; 14.01.17 – хирургия,Гайворонский Иван Васильевич,Котив Богдан Николаевич,2016,,,
Бедило Наталья Витальевна,07.2.002.03 (Д 215.002.06), Эндотелиальная и гемореологическая дисфункция при внебольничной пневмонии,17.10.2016,14.01.04 – внутренние болезни,Воробьева Надежда Александровна,–,2016,,,
Семенова Анастасия Алексеевна, 07.2.002.02 (Д 215.002.02),Вариантная анатомия и морфометрические характеристики небно–альвеолярного комплекса у взрослого человека (краниологическое и клиническое исследование),17.10.2016,"14.03.01 – анатомия человека
14.01.14 – стоматология",Гайворонский Иван Васильевич,Гайворонская Мария Георгиевна,2016,,,
Сыроежкин Федор Анатольевич,07.2.002.05 (Д 215.002.09), Реабилитация больных со слуховыми и вестибулярными нарушениями: нейрофизиологические аспекты компенсаторно–восстановительных процессов,17.10.2016,"14.01.03 – болезни уха, горла и носа",Дворянчиков Владимир Владимирович,–,2016,,,
Шахнович Павел Геннадьевич,07.2.002.03 (Д 215.002.06),Клиническое значение оценки микроциркуляции у больных острым коронарным синдромом,17.10.2016,14.01.05 – кардиология,Свистов Александр Сергеевич,–,2016,,,
Петров Юрий Николаевич,07.2.002.06 (Д 215.002.14),Характеристика санитарных потерь хирургического профиля в современных военных конфликтах,31.10.2016,"14.01.17 – хирургия, 14.02.03 – общественное здоровье и здравоохранение.",Самохвалов Игорь Маркеллович,Шелепов Анатолий Михайлович,2016,,,
Ганин Евгений Валериевич,07.2.002.06 (Д 215.002.14),Лечебно–транспортная иммобилизация переломов длинных костей конечностей в системе этапного лечения раненых и пострадавших,31.10.2016,14.01.17 – хирургия,Самохвалов Игорь Маркеллович,–,2016,,,
Алисов Петр Георгиевич,07.2.002.06 (Д 215.002.14),"Огнестрельные ранения живота. Особенности, диагностика и лечение на этапах медицинской эвакуации в современных условиях.",14.11.2016,14.01.17 – хирургия,Самохвалов Игорь Маркеллович,–,2016,,,
Головко Константин Петрович,07.2.002.06 (Д 215.002.14),Современный подход к комплексному лечению сочетанных повреждений челюстно–лицевой области,14.11.2016,"14.01.17 – хирургия, 14.01.14 – стоматология",Самохвалов Игорь Маркеллович,Мадай Дмитрий Юрьевич,2016,,,
Шокарева Дарья Владимировна,07.2.002.03 (Д 215.002.06),Влияние физической активности на уровень гликемического контроля и качество жизни больных сахарным диабетом 2 типа,21.11.2016,14.01.02 – эндокринология,Стронгин Леонид Григорьевич,–,2016,,,
Музуров Константин Вячеславович,07.2.002.03 (Д 215.002.06),Оценка эффективности субстратов энергетического обмена в лечении отравлений веществами нейродепримирующего действия,21.11.2016,"14.01.04 – внутренние болезни, 14.03.04 – токсикология",Халимов Юрий Шавкатович,Башарин Вадим Александрович,2016,,,
Кравчук Юрий Алексеевич,07.2.002.03 (Д 215.002.06),Клинико–морфологические особенности стеатогепатита алкогольной и метаболической этиологии,21.11.2016,14.01.04 – внутренние болезни,Гриневич Владимир Борисович,–,2016,,,
Петров Александр Николаевич,07.2.002.06 (Д 215.002.14),Совершенствование методов прогнозирования и профилактики тромбоэмболий легочной артерии у тяжелораненых и пострадавших с политравмой,21.11.2016,14.01.17 – хирургия,Самохвалов Игорь Маркеллович,–,2016,,,
Белевич Валерий Леонтьевич,07.2.002.06 (Д 215.002.14),Дифференцированная хирургическая тактика в диагностике и лечении синдрома дисфагии,21.11.2016,14.01.17 – хирургия,Ивануса Сергей Ярославович,–,2016,,,
Камбиев Ренат Леонидович,Д 215.002.04 (Закрыт с 15.04.2022),Эндоскопическая ассистенция при церебральных нейрохирургических доступах,29.11.2016,14.01.18 – нейрохирургия,Лазарев Валерий Александрович,–,2016,,,
Корякина Валерия Александровна,07.2.002.02 (Д 215.002.02), Судебно–медицинская характеристика и оценка повреждений шеи при интубации,05.12.2016,14.03.05 – судебная медицина,Мишин Евгений Степанович,–,2016,,,
Багненко Наталья Михайловна,07.2.002.05 (Д 215.002.09),Объем и содержание ортодонтической помощи населению Ленинградской области,05.12.2016,14.01.14 – стоматология,Гребнев Геннадий Александрович,–,2016,,,
Кущенко Николай Викторович,07.2.002.05 (Д 215.002.09), Влияние полировальных инструментов на микрогеометрию поверхности наногибридного реставрационного материала,05.12.2016,14.01.14 – стоматология,Орехова Людмила Юрьевна,–,2016,,,
Бельских Ольга Андреевна,07.2.002.05 (Д 215.002.09),Особенности клинического течения и лечение стоматологических заболеваний при хронической болезни почек,05.12.2016,14.01.14 – стоматология,Иорданишвили Андрей Константинович,–,2016,,,
Бреднев Антон Олегович,07.2.002.06 (Д 215.002.14), Минимально инвазивные методы в комплексном лечении повреждений и свищей пищевода,12.12.2016,14.01.17 – хирургия,Котив Богдан Николаевич,–,2016,,,
Абдурахманов Ринат Фаридович,07.2.002.06 (Д 215.002.14),Диагностика и хирургическая коррекция заболеваний поджелудочной железы у военнослужащих и лиц молодого возраста,12.12.2016,14.01.17 – хирургия,Ивануса Сергей Ярославович,–,2016,,,
Стасишкис Татьяна Алексеевна,07.2.002.01 (Д 215.002.01),"Клинико–лабораторная характеристика, эффективность и безопасность лечения хронического гепатита С у больных сочетанной HCV/HIV–инфекцией, получающих антиретровирусную терапию",12.12.2016,14.01.09 – инфекционные болезни,Ковеленов Алексей Юрьевич,–,2016,,,
Носков Ярослав Алексеевич,07.2.002.03 (Д 215.002.06),Клинико–лабораторные особенности течения миелопролиферативных неоплазий на фоне различных видов интерферонотерапии,20.12.2016,14.01.04 – внутренние болезни,Тыренко Вадим Витальевич,–,2016,,,
Нарзуллаев Абдулло Амриллоевич,Д 215.002.04 (Закрыт с 15.04.2022), Влияние эндоваскулярных вмешательств при стенозах сонных артерий на течение ишемической болезни мозга,20.12.2016,14.01.18 – нейрохирургия,Савелло Александр Викторович,–,2016,,,
Бардаков Сергей Николаевич,Д 215.002.04 (Закрыт с 15.04.2022),Лечение миастении с использованием методов экстракорпоральной гемокоррекции,20.12.2016,"14.01.11 – нервные болезни, 14.01.21 – гематология и переливание крови",Живолупов Сергей Анатольевич,Сизов Дмитрий Николаевич,2016,,,
Лейнеман Яна Андреевна,07.2.002.03 (Д 215.002.06),Клинические варианты поражений легких при системной красной волчанке (дифференциальная диагностика и принципы лечения),20.12.2016,14.01.04 – внутренние болезни,Мазуров Вадим Иванович,–,2016,,,
Львов Николай Иванович,07.2.002.01 (Д 215.002.01),"Аденовирусная инфекция у военнослужащих: клиника, диагностика и лечение",16.01.2017,14.01.09 – инфекционные болезни,Лобзин Юрий Владимирович,–,2017,,,
Громова Виктория Анатольевна,07.2.002.03 (Д 215.002.06),Применение менопаузальной гормональной эстроген–гестагенной терапии у женщин с заболеваниями щитовидной железы,16.01.2017,14.01.02 – эндокринология,Ворохобина Наталья Владимировна,–,2017,,,
Гельт Татьяна Давыдовна,07.2.002.03 (Д 215.002.06),Клиническое значение нарушений микроциркуляции при неинвазивной лазерной допплеровской визуализации у больных диффузными заболеваниями печени,16.01.2017,14.01.04 – внутренние болезни,Борсуков Алексей Васильевич,–,2017,,,
Черниченко Иван Иванович,Д 215.002.03 (Закрыт с 15.07.2022),Патофизиологические основы психосоматических нарушений при перименопаузальных расстройствах,17.01.2017,"14.03.03 – патологическая физиология, 19.00.02 – психофизиология",Цыган Василий Николаевич,Кахиани Екатерина Инвериевна,2017,,,
Розов Артур Игоревич,07.2.002.06 (Д 215.002.14), Совершенствование методов оказания медицинской помощи военнослужащим с жизнеугрожающими последствиями ранений груди в районе боевых действий,23.01.2017,14.01.17 – хирургия,Самохвалов Игорь Маркеллович,–,2017,,,
Коникова Ольга Александровна,07.2.002.05 (Д 215.002.09),Анатомо–функциональные изменения органа зрения в динамике развития ретинопатии недоношенных. Клинико–экспериментальное исследование,23.01.2017,14.01.07 – глазные болезни,Бржеский Владимир Всеволодович,–,2017,,,
Жарков Александр Вячеславович,07.2.002.06 (Д 215.002.14),Обоснование технических и организационных путей снижения риска негативных последствий ампутаций нижних конечностей у людей пожилого и старческого возраста,23.01.2017,"14.01.17 – хирургия, 14.02.03 – общественное здоровье и здравоохранение",Мовчаи Константин Николаевич,Ткаченко Александр Николаевич,2017,,,
Амосова Наталья Андреевна,Д 215.002.11 (Закрыт с 12.10.2022),"Возможности магнитно–резонансной диагностики патологии мелких суставов кисти у пациентов с ревматоидным артритом, осложненным поражением легких",27.01.2017,"14.01.13 – лучевая диагностика, лучевая терапия",Сперанская Александра Анатольевна,–,2017,,,
Скульский Сергей Константинович,Д 215.002.11 (Закрыт с 12.10.2022),Магнитно–резонансная томография в комплексной лучевой диагностике билиарной гипертензии,27.01.2017,"14.01.13 – лучевая диагностика, лучевая терапия",Ратников Вячеслав Альбертович,–,2017,,,
Калинин Петр Сергеевич,Д 215.002.11 (Закрыт с 12.10.2022),Прогнозирование и оценка эффектов изолированной химиоперфузии лёгкого в комбинированном лечении метастатического поражения лёгких на основе данных компьютерной томографии и рентгенографии,27.01.2017,"14.01.13 – лучевая диагностика, лучевая терапия; 14.01.12 – онкология",Мищенко Андрей Владимирович,Левченко Евгений Владимирович,2017,,,
Дынин Павел Сергеевич,Д 215.002.04 (Закрыт с 15.04.2022),Особенности нарушения зрительно–пространственного восприятия при болезни Паркинсона,07.02.2017,14.01.11 – нервные болезни,Литвиненко Игорь Вячеславович,–,2017,,,
Мирная Дарья Александровна,Д 215.002.04 (Закрыт с 15.04.2022),Предикторы неблагоприятных исходов хирургической профилактики ишемического инсульта (клинико–инструментальное исследование),07.02.2017,14.01.11 – нервные болезни,Одинак Мирослав Михайлович,–,2017,,,
Попов Владимир Анатольевич,07.2.002.06 (Д 215.002.14), Хирургическое лечение рака легкого у пациентов с низкими функциональными резервами системы дыхания и кровообращения,13.02.2017,14.01.17 – хирургия,Котив Богдан Николаевич,–,2017,,,
Титова Анна Леонидовна,07.2.002.03 (Д 215.002.06), Дисфункция левого желудочка после операций реваскуляризации миокарда на открытом сердце,20.02.2017,14.01.05 – кардиология,Сайганов Сергей Анатольевич,–,2017,,,
Бердников Дмитрий Валериевич,Д 215.002.03 (Закрыт с 15.07.2022),Психофизиологические особенности регуляции целенаправленной деятельности по восприятию и воспроизведению информации,14.03.2017,19.00.02 – психофизиология,Бобынцев Игорь Иванович,Апчел Василий Яковлевич,2017,,,
Карев Егор Алексеевич,07.2.002.06 (Д 215.002.14),Особенности выполнения реинфузии крови на этапах медицинской эвакуации,20.03.2017,"14.01.17 – хирургия, 14.01.21 – гематология и переливание крови",Бадалов Вадим Измайлович,Вильянинов Владимир Николаевич,2017,,,
Казначеев Михаил Викторович,07.2.002.06 (Д 215.002.14),Совершенствование медицинской сортировки раненых на передовых этапах медицинской эвакуации,20.03.2017,14.01.17 – хирургия,Самохвалов Игорь Маркеллович,–,2017,,,
Науменко Марина Александровна,07.2.002.01 (Д 215.002.01),"Неспецифическая иммунокорригирующая терапия больных атопическим дерматитом, осложненным вторичной инфекцией",20.03.2017,14.01.10 – кожные и венерические болезни,Разнатовский Константин Игоревич,–,2017,,,
Юркина Екатерина Александровна,Д 215.002.04 (Закрыт с 15.04.2022),Клинико–неврологические и нейровизуализационные сопоставления при аномалиях краниовертебральной области у взрослых,28.03.2017,14.01.11 – нервные болезни,Лобзин Сергей Владимирович,–,2017,,,
Богачева Вероника Андреевна,Д 215.002.04 (Закрыт с 15.04.2022),"Особенности клинической картины, качества жизни, функционального и психологического состояния больных с дрожательной формой болезни Паркинсона",28.03.2017,14.01.11 – Нервные болезни 19.00.04 – Медицинская психология,Захаров Денис Валерьевич,Михайлов Владимир Алексеевич,2017,,,
Улановская Екатерина Владимировна,Д 215.002.11 (Закрыт с 12.10.2022),Возможности методов лучевого исследования в диагностике и экспертизе профессионального миофиброза,07.04.2017,"14.01.13 – лучевая диагностика, лучевая терапия 14.02.04 – медицина труда",Трофимова Татьяна Николаевна,Шилов Виктор Васильевич,2017,,,
Киндалова Екатерина Сергеевна,07.2.002.01 (Д 215.002.01),"Характеристика гриппа А(H1N1)pdm09, осложненного пневмонией и острым респираторным дистресс–синдромом, у беременных",17.04.2017,14.01.09 – инфекционные болезни,Суздальцев Алексей Александрович,–,2017,,,
Муслимова Земфира Рафаиловна,07.2.002.05 (Д 215.002.09),Восстановительное лечение больных со зрительными нарушениями после удаления опухолей хиазмально–селлярной области,17.04.2017,14.01.07 – глазные болезни,Даутова Земфира Ахияровна,–,2017,,,
Кравчук Вячеслав Николаевич,07.2.002.06 (Д 215.002.14),Минитравматичная реваскуляризация миокарда,15.05.2017,14.01.26 – сердечно–сосудистая хирургия,Хубулава Геннадий Григорьевич,–,2017,,,
Бутылин Даниил Юрьевич,Д 215.002.04 (Закрыт с 15.04.2022),Клинико–психопатологические особенности контрастных навязчивостей и навязчивостей экстракорпоральной угрозы при патологическом развитии личности и расстройствах шизофренического спектра,16.05.2017,14.01.06 – психиатрия,Крылов Владимир Иванович,–,2017,,,
Лукин Вадим Анатольевич,Д 215.002.11 (Закрыт с 12.10.2022),Синдром системной воспалительной реакции при острых отравлениях веществами нейротропного действия,19.05.2017,14.03.04  – токсикология,Шилов Виктор Васильевич,Пивоварова Людмила Павловна,2017,,,
Соснина Александра Крумовна,07.2.002.02 (Д 215.002.02),"Морфофункциональные особенности плацент при беременности, наступившей после применения вспомогательных репродуктивных технологий",22.05.2017,14.03.02 – патологическая анатомия,Кветной Игорь Моисеевич,–,2017,,,
Виноградов Петр Михайлович,07.2.002.04 (Д 215.002.07) (Закрыт с 10.05.2024),Фармакологический анализ грелиновых механизмов подкрепления,23.05.2017,"14.03.06 – фармакология, клиническая фармакология",Шабанов Петр Дмитриевич,–,2017,,,
Цыганков Кирилл Алексеевич,07.2.002.04 (Д 215.002.07) (Закрыт с 10.05.2024),Прогноз и оценка функциональной операбельности и риска развития осложнений,23.05.2017,14.01.20 – анестезиология и реаниматология,Щеголев Алексей Валерианович,–,2017,,,
Носов Артём Михайлович,07.2.002.06 (Д 215.002.14),Применение тактики многоэтапного хирургического лечения при комбинированных радиационных поражениях (экспериментальное исследование),05.06.2017,14.01.17 – хирургия 03.01.01 – радиобиология,Самохвалов Игорь Маркеллович,Селезнев Алексей Борисович,2017,,,
Лалетин Денис Андреевич,07.2.002.04 (Д 215.002.07) (Закрыт с 10.05.2024),Оценка и коррекция систолической функции правого желудочка в раннем послеоперационном периоде коронарного шунтирования в условиях искусственного кровообращения,06.06.2017,14.01.20 – анестезиология и реаниматология,Баутин Андрей Евгеньевич,–,2017,,,
Фадеева Екатерина Павловна, 07.2.002.04 (Д 215.002.07) (Закрыт с 10.05.2024),Клинико–фармакологическое обоснование противоопухолевого эффекта ингибитора ароматазы III поколения анастрозола как средства патогенетической терапии злокачественно измененного эндометрия,06.06.2017,"14.03.06 – фармакология, клиническая фармакология и 14.01.12 – онкология",Тапильская Наталья Игоревна,Манихас Георгий Моисеевич,2017,,,
Король Инна Владимировна,07.2.002.03 (Д 215.002.06),Комбинированная медикаментозная терапия дисплазии соединительной ткани в сочетании с эндокринной патологией,13.06.2017,14.01.02 – эндокринология,Иванова Людмила Александровна,–,2017,,,
Синицына Юлия Владимировна,07.2.002.03 (Д 215.002.06),Особенности психоэмоциональных нарушений у пациентов с гипотиреозом,13.06.2017,14.01.02 – эндокринология 14.01.06 – психиатрия,Котова Светлана Михайловна,Точилов Владимир Антонович,2017,,,
Ефимов Семен Валерьевич,07.2.002.03 (Д 215.002.06)," Особенности центрального и периферического кровообращения, сердечного ритма и проводимости у здоровых молодых мужчин в зависимости от полиморфизма генов β1– и β2– адренорецепторов при воздействии гипербарии",13.06.2017,14.01.05 – кардиология,Черкашин Дмитрий Викторович,–,2017,,,
Черкашина Ирина Викторовна,07.2.002.01 (Д 215.002.01),Персонализированная реабилитация больных с заболеваниями суставов,19.06.2017,"14.03.11 – восстановительная медицина, спортивная медицина, лечебная физкультура, курортология и физиотерапия",Пономаренко Геннадий Николаевич,–,2017,,,
Костяков Денис Валерьевич,Д 215.002.03 (Закрыт с 15.07.2022),"Патогенетическое лечение ран, причиненных укусами собак",20.06.2017,14.03.03 – патологическая физиология,Зиновьев Евгений Владимирович,–,2017,,,
Литвиненко Елена Александровна,Д 215.002.11 (Закрыт с 12.10.2022),Оптимизация диагностики интерстициальных заболеваний легких методом компьютерной томографии,23.06.2017,"14.01.13 – лучевая диагностика, лучевая терапия",Кизименко Николай Николаевич,–,2017,,,
Недомолкина Ирина Анатольевна,Д 215.002.11 (Закрыт с 12.10.2022),Компьютерная томография с волюметрией в диагностике повреждений легких и оценке риска развития легочных осложнений у пострадавших с тяжелой сочетанной травмой,23.06.2017,"14.01.13 – лучевая диагностика, лучевая терапия",Труфанов Геннадий Евгеньевич,–,2017,,,
Погодин Андрей Михайлович,07.2.002.04 (Д 215.002.07) (Закрыт с 10.05.2024),Профилактика интраоперационной тошноты и рвоты при операции кесарева сечения в условиях спинальной анестезии,05.09.2017,14.01.20 – анестезиология и реаниматология,Шифман Ефим Муневич,–,2017,,,
Гордеев Виктор Викторович,07.2.002.06 (Д 215.002.14),Выбор комбинированной терапии симптомов нижних мочевых путей,11.09.2017,14.01.23 – урология,Протощак Владимир Владимирович,–,2017,,,
Азиева Айшат Зубайраевна,07.2.002.06 (Д 215.002.14),Хирургическое лечение двусторонних каротидных стенозов в остром периоде ишемического инсульта,11.09.2017,14.01.26 – сердечно–сосудистая хирургия,Дуданов Иван Петрович,–,2017,,,
Гончар Ирина Сергеевна,07.2.002.06 (Д 215.002.14),Оптимизация методов противоишемической защиты при раке почки,11.09.2017,14.01.23 – урология,Комяков Борис Кириллович,–,2017,,,
Никульшина Людмила Геннадьевна,Д 215.002.11 (Закрыт с 12.10.2022),Лучевая диагностика натальных спинальных травм,15.09.2017,"14.01.13 – лучевая диагностика, лучевая терапия",Воротынцева Наталия Сергеевна,–,2017,,,
Траксова Ирина Степановна,07.2.002.02 (Д 215.002.02),Патоморфологическая характеристика рака простаты в различных регионах Республики Мордовия,18.09.2017,14.03.02 – патологическая анатомия,Плотникова Надежда Алексеевна,–,2017,,,
Максумова Неля Василевна,07.2.002.03 (Д 215.002.06),Раннее выявление соматических заболеваний и оценка уровня адаптации у ветеранов боевых действий на амбулаторном этапе обследования,18.09.2017,14.01.04 – внутренние болезни,Поздняк Александр Олегович,–,2017,,,
Галактионов Денис Александрович,07.2.002.03 (Д 215.002.06),Состояние сердечно–сосудистой системы у больных с синдромом обструктивного апноэ во время сна различной степени выраженности,18.09.2017,14.01.04 – внутренние болезни,Кучмин Алексей Николаевич,–,2017,,,адъюнкт
Ершова Регина Владимировна,07.2.002.05 (Д 215.002.09),Комплексное исследование аккомодации и его значение в оценке эффективности медикаментозной циклоплегии у детей школьного возраста с миопией,18.09.2017,14.01.07 – глазные болезни,Бржеский Владимир Всеволодович,–,2017,,,
Мингазова Эльвира Минаксановна,07.2.002.01 (Д 215.002.01) ,Современные биомаркеры в мониторинге острого почечного повреждения при геморрагической лихорадке с почечным синдромом,18.09.2017,14.01.09 – инфекционные болезни 14.03.10 – клиническая лабораторная диагностика,Валишин Дамир Асхатович,Гильманов Александр Жанович,2017,,,
Серова Александра Ярославовна,07.2.002.05 (Д 215.002.09), Совершенствование методов диагностики и лечения слюннокаменной болезни,18.09.2017,14.01.14 – стоматология,Яременко Андрей Ильич,–,2017,,,
Гизатуллин Тагир Рафаилович,Д 215.002.03 (Закрыт с 15.07.2022),Психосоматические компоненты боевого стресса и их патогенетическая коррекция (клинико экспериментальное исследование),19.09.2017,"14.03.03 – патологическая физиология, 19.00.02 – психофизиология",Цыган Василий Николаевич,Катаев Валерий Алексеевич,2017,,,
Алмазов Илья Алексеевич,Д 215.002.03 (Закрыт с 15.07.2022),Патогенетическое обоснование выполнения хирургической дермабразии при ожогах,19.09.2017,14.03.03 – патологическая физиология,Зиновьев Евгений Владимирович,–,2017,,,
Гончаренко Андрей Юрьевич,Д 215.002.04 (Закрыт с 15.04.2022),"Система мониторинга психического здоровья военнослужащих, проходящих военную службу по контракту",03.10.2017,"14.01.06 – психиатрия
14.02.03 – общественное здоровье и здравоохранение",Шамрей Владислав Казимирович,Фисун Александр Яковлевич,2017,,,
Зеленин Вячеслав Викторович,07.2.002.06 (Д 215.002.14),Эндоваскулярное лечение окклюзирующих поражений периферических артерий,09.10.2017,14.01.26 – сердечно–сосудистая хирургия,Дуданов Иван Петрович,–,2017,,,
Петухов Константин Владимирович,07.2.002.06 (Д 215.002.14),Особенности хирургической тактики у пострадавших с сочетанными проникающими колото–резаными ранениями груди,09.10.2017,14.01.17 – хирургия,Самохвалов Игорь Маркеллович,–,2017,,,
Капланян Майрам Викторовна,07.2.002.03 (Д 215.002.06),Прогностические критерии диабетической нефропатии у больных сахарным диабетом 1 типа,16.10.2017,"14.01.02 – эндокринология, 14.01.29 – нефрология",Ворохобина Наталья Владимировна,Ряснянский Владимир Юрьевич,2017,,,
Алексеев Дмитрий Александрович,07.2.002.02 (Д 215.002.02),Рак желудка: морфологическая характеристика опухоли и сигнальных лимфатических узлов,16.10.2017,14.03.02 – патологическая анатомия,Байков Вадим Валентинович,–,2017,,,
Марсальская Ольга Андреевна,07.2.002.03 (Д 215.002.06),"Структурно–функциональные изменения миокарда у работников железнодорожного транспорта с артериальной гипертензией, традиционными и психологическими факторами сердечно–сосудистого риска",16.10.2017,14.01.05 – кардиология,Никифоров Виктор Сергеевич,–,2017,,,
Каменева Саида Вячеславовна,07.2.002.05 (Д 215.002.09),Клинико–экспериментальное исследование влияния отбеливающих зубных паст на качество пломб и реставраций из нанонаполненного композиционного материала,16.10.2017,14.01.14 – стоматология,Орехова Людмила Юрьевна,–,2017,,,
Донская Ольга Сергеевна, 07.2.002.05 (Д 215.002.09),Прогностическое значение особенностей ротовой жидкости стоматологических пациентов с биоминералопатиями,16.10.2017,"14.01.14 – стоматология 
14.01.04 – внутренние болезни ",Антонова Ирина Николаевна,Горбачева Ирина Анатольевна,2017,,,
Апчел Андрей Васильевич,07.2.002.01 (Д 215.002.01), Клинико–иммунологические подходы коррекции адаптационных возможностей у военнослужащих с хроническими дерматозами,23.10.2017,14.01.10 – кожные и венерические болезни,Иванов Андрей Михайлович,–,2017,,,
Детков Вячеслав Юрьевич,Д 215.002.03 (Закрыт с 15.07.2022), Микроэлементозы и металлотоксикозы у детского населения Санкт–Петербурга и пути их снижения,24.10.2017,14.03.03 – патологическая физиология 14.01.08 – педиатрия,Скальный Анатолий Викторович,Цыган Василий Николаевич,2017,,,
Кошель Иван Владимирович,Д 215.002.03 (Закрыт с 15.07.2022),Одонтогенные верхнечелюстные синуситы и их патогенетическое лечение (экспериментально–клиническое исследование),24.10.2017,"14.03.03 – патологическая физиология, 14.01.14 – стоматология",Щетинин Евгений Вячеславович,Сирак Сергей Владимирович,2017,,,
Ягубов Гюндуз Муса Оглы,07.2.002.05 (Д 215.002.09),Эффективность интраочаговой решетчатой остеотомии при оперативном лечении кист челюстей,20.11.2017,14.01.14 – стоматология,Гребнев Геннадий Александрович,–,2017,,,
Грязнова Мария Александровна, 07.2.002.03 (Д 215.002.06), Клинико–иммунологические аспекты поражения почек при диффузном токсическом зобе,20.11.2017,14.01.02 – эндокринология,Хамнуева Лариса Юрьевна,–,2017,,,
Есина Елена Юрьевна,Д 215.002.03 (Закрыт с 15.07.2022),Факторы риска в этиопатогенезе сердечно–сосудистых заболеваний у лиц молодого возраста,21.11.2017,"14.03.03 – патологическая физиология, 14.01.05 – кардиология",Цыган Василий Николаевич,Лютов Владимир Викторович,2017,,,
Алексеев Дмитрий Евгеньевич,Д 215.002.04 (Закрыт с 15.04.2022),Герметизация шва и пластика дефектов твёрдой мозговой оболочки при операциях на головном мозге на этапе оказания специализированной медицинской помощи,28.11.2017,14.01.18 – нейрохирургия,Свистов Дмитрий Владимирович,–,2017,,,адъюнкт
Жовнерчук Инна Юрьевна,Д 215.002.04 (Закрыт с 15.04.2022),"Профилактика психических расстройств у военнослужащих противовоздушной обороны, проходящих военную службу в условиях замкнутых пространств",19.12.2017,14.01.06 – психиатрия,Абриталин Евгений Юрьевич,–,2017,,,
Никифорова Анна Александровна,Д 215.002.04 (Закрыт с 15.04.2022),Прогностическая роль состояния ауторегуляции мозгового кровотока в хирургии каротидных стенозов,19.12.2017,14.01.18 – нейрохирургия 14.03.03 – патологическая физиология,Асатурян Григорий Аветисович,Семенютин Владимир Борисович,2017,,,
Панова Светлана Юрьевна,07.2.002.03 (Д 215.002.06),Потенциал интенсификации терапевтического обучения для повышения эффективности и безопасности старта инсулинотерапии у пациентов с сахарным диабетом 2 типа,21.12.2017,14.01.02 – эндокринология,Стронгин Леонид Григорьевич,–,2017,,,
Кухианидзе Екатерина Акакиевна,07.2.002.03 (Д 215.002.06),Клинико–лабораторная диагностика различных форм эндогенного гиперкортицизма,21.12.2017,14.01.02 – эндокринология 14.03.10 – клиническая лабораторная диагностика,Ворохобина Наталья Владимировна,Великанова Людмила Иосифовна,2017,,,
Мужаровский Антон Леонидович,07.2.002.06 (Д 215.002.14),Эндоваскулярные вмешательства в лечении осложнений синдрома портальной гипертензии,22.12.2017,14.01.17 – хирургия,Алентьев Сергей Александрович,–,2017,,,
Елисеев Александр Викторович, 07.2.002.06 (Д 215.002.14),Дифференциальная диагностика и хирургическая тактика при билиарном панкреатите,22.12.2017,14.01.17 – хирургия,Ивануса Сергей Ярославович,–,2017,,,
Чжао Вэньлун,07.2.002.04 (Д 215.002.07) (Закрыт с 10.05.2024),Оценка медицинских технологий применения биоаналогов инсулинов на основе данных клинических исследований по сравнительной эффективности и безопасности,26.12.2017,"14.03.06 – фармакология, клиническая фармакология",Колбин Алексей Сергеевич,–,2017,,,
Шербашов Константин Анатольевич,Д 215.002.11 (Закрыт с 12.10.2022)," Антигипоксанты в фармакологической коррекции отека легких, вызванного токсичными компонентами пожаров",19.01.2018,"14.03.04 – токсикология, 14.03.06 – фармакология, клиническая фармакология",Башарин Вадим Александрович,Шабанов Петр Дмитриевич,2018,,,
Верзакова Ольга Владимировна, Д 215.002.11 (Закрыт с 12.10.2022),Обоснование ультразвуковых и допплерографических критериев в дифференциальной диагностике различных форм холецистита,19.01.2018,"14.01.13 – лучевая диагностика, лучевая терапия",Макарьева Марина Лоенидовна,–,2018,,,
Гладышев Дмитрий Владимирович,07.2.002.06 (Д 215.002.14),Робот–ассистированные и лапароскопические вмешательства в хирургии колоректального рака,22.01.2018,14.01.17 – хирургия; 14.01.12 – онкология,Котив Богдан Николаевич,Беляев Алексей Михайлович,2018,,,
Александрова Анна Алексеевна,07.2.002.05 (Д 215.002.09),Оценка стоматологического статуса и разработка комплекса индивидуальной гигиены полости рта у беременных с сахарным диабетом,22.01.2018,14.01.14 – стоматология,Орехова Людмила Юрьевна,–,2018,,,
Давидович Наталия Валерьевна,Д 215.002.03 (Закрыт с 15.07.2022),Функциональные взаимосвязи параметров иммунного ответа у больных хроническим гепатитом С на фоне интерферонотерапии,23.01.2018,14.03.03 – патологическая физиология,Соловьёва Наталия Владиславовна,–,2018,,,
Сергеев Глеб Сергеевич,Д 215.002.04 (Закрыт с 15.04.2022),Программное планирование и прогнозирование эффективности хирургического лечения опухолей головного мозга,30.01.2018,14.01.18 – нейрохирургия,Кривошапкин Алексей Леонидович,–,2018,,,
Семенов Валерий Владимирович,07.2.002.06 (Д 215.002.14),Обоснование и непосредственные результаты симультанных операций на органах живота,05.02.2018,14.01.17 – хирургия,Курыгин Александр Анатольевич,–,2018,,,
Васильченко Максим Васильевич,07.2.002.06 (Д 215.002.14),Современная тактика хирургического лечения местнораспространенных опухолей органов малого таза,05.02.2018,14.01.17 – хирургия 14.01.12 – онкология,Соловьев Иван Анатольевич,Беляев Алексей Михайлович,2018,,,
Морозова Мария Владимировна,07.2.002.05 (Д 215.002.09),Комплексная оценка функционального состояния слухового анализатора в прогнозировании результатов лечения больных отосклерозом,12.02.2018,"14.01.03 – болезни уха, горла и носа",Дворянчиков Владимир Владимирович,–,2018,,,
Климов Александр Николаевич,07.2.002.05 (Д 215.002.09),"Восстановление дыхательной функции у пациентов с хроническим стенозом гортани и трахеи, перенесших трахеостомию",12.02.2018,"14.01.03 – болезни уха, горла и носа",Ушаков Владимир Серафимович,–,2018,,,
Кривопалов Владимир Александрович,07.2.002.06 (Д 215.002.14),Защита головного мозга и внутренних органов в хирургии восходящего отдела и дуги аорты,19.02.2018,14.01.26 – сердечно–сосудистая хирургия,Хубулава Геннадий Григорьевич,–,2018,,,
Суворов Виталий Владимирович,07.2.002.06 (Д 215.002.14),Профилактика стернальной инфекции у кардиохирургических пациентов,19.02.2018,14.01.26 – сердечно–сосудистая хирургия,Марченко Сергей Павлович,–,2018,,,
Громова Елена Анатольевна,Д 215.002.11 (Закрыт с 12.10.2022),Метаболические изменения в головном мозге у ВИЧ–инфицированных пациентов по данным позитронно–эмиссионной томографии с 2–18F–фтордезокси–D–глюкозой и протонной магнитно–резонансной спектроскопии,22.02.2018,"14.01.13 – лучевая диагностика, лучевая терапия",Трофимова Татьяна Николаевна,–,2018,,,
Мазикина Дина Айратовна,07.2.002.03 (Д 215.002.06),Роль генетических факторов у пациентов с сахарным диабетом 2 типа в развитии сенсоневральной тугоухости,27.02.2018,"14.01.02 – эндокринология; 14.01.03 – болезни уха, горла и носа",Котова Светлана Михайловна,Журавский Сергей Григорьевич,2018,,,
Федулова Анастасия Викторовна,07.2.002.06 (Д 215.002.14),Хирургическая тактика при повреждениях ободочной кишки в дорожно–транспортных происшествиях,05.03.2018,14.01.17 – хирургия,Кочетков Александр Владимирович,–,2018,,,
Русанов Дмитрий Сергеевич,07.2.002.06 (Д 215.002.14),Современный подход к определению возможности хирургического лечения рака пищевода,05.03.2018,14.01.17– хирургия,Павелец Константин Вадимович,–,2018,,,
Согомонян Анастасия Валерьевна,07.2.002.01 (Д 215.002.01),Системная энзимотерапия и вакуумтерапия пациентов с гиноидной липодистрофией,19.03.2018,14.01.10 – кожные и венерические болезни,Королькова Татьяна Николаевна,–,2018,,,
Сеидова Алла Юрьевна,07.2.002.03 (Д 215.002.06),Гендерные особенности патогенеза хронической сердечной недостаточности при гипертонической болезни,19.03.2018,14.01.05 – кардиология,Барсуков Антон Владимирович,–,2018,,,
Филиппова Виктория Сергеевна,07.2.002.01 (Д 215.002.01),Этиопатогенетические и клинические особенности микозов кожи и ее придатков у ВИЧ–инфицированных больных,19.03.2018,14.01.10 – кожные и венерические болезни,Разнатовский Константин Игоревич,–,2018,,,
Гутка Владимир Орестович,07.2.002.01 (Д 215.002.01),Оценка эффективности комплексного лечения с использованием методики управляемого дыхания у больных атопическим дерматитом,19.03.2018,14.01.10 – кожные и венерические болезни,Сухарев Алексей Владимирович,–,2018,,,
Юрин Антон Александрович,Д 215.002.04 (Закрыт с 15.04.2022),Клинические и нейрофизиологические аспекты нарушения когнитивных и двигательных функций при черепно–мозговой травме,20.03.2018,14.01.11 – нервные болезни,Литвиненко Игорь Вячеславович,–,2018,,,
Михайлов Михаил Альбертович,Д 215.002.04 (Закрыт с 15.04.2022),Психопатологические расстройства в структуре и динамике обострения патологического влечения к психоактивным веществам,20.03.2018,14.01.06 – психиатрия; 14.01.27 – наркология,Бузик Олег Жанович,Брюн Евгений Алексеевич,2018,,,
Калинина Елена Юрьевна,07.2.002.02 (Д 215.002.02),Судебно–медицинская экспертиза отравлений бытовым газом (экспериментально–клиническое исследование),26.03.2018,14.03.05 – судебная медицина, Ягмуров Оразмурад Джумаевич,–,2018,,,
Галака Андрей Александрович,07.2.002.06 (Д 215.002.14),Экспериментальное обоснование эффективности кровезаменителя с эритроцитами пуповинной крови человека при острой кровопотере,02.04.2018,14.01.17 – хирургия 14.01.21 – гематология и переливание крови,Соловьев Иван Анатольевич,Шперлинг Игорь Алексеевич,2018,,,адъюнкт
Навматуля Александр Юрьевич,07.2.002.06 (Д 215.002.14),Дифференцированный подход к формированию превентивных стом в хирургии рака прямой кишки,02.04.2018,14.01.17 – хирургия,Литвинов Олег Александрович,–,2018,,,
Хазов Антон Викторович,07.2.002.06 (Д 215.002.14),Хирургическое лечение сарком мягких тканей конечностей с применением эндоваскулярных вмешательств и криовоздействия,02.04.2018,"14.01.17 – хирургия, 14.01.12 – онкология",Ханевич Михаил Дмитриевич,Манихас Георгий Моисеевич,2018,,,
Ковалёв Алексей Иванович,07.2.002.04 (Д 215.002.07) (Закрыт с 10.05.2024),"Выбор метода обезболивания родов у женщин, больных сахарным диабетом",03.04.2018,14.01.20 – анестезиология и реаниматология,Неймарк Михаил Израилевич,–,2018,,,
Хусаинова Илюза Ильгизовна,07.2.002.04 (Д 215.002.07) (Закрыт с 10.05.2024),Повышение эффективности обезболивания при онкогинекологических операциях,03.04.2018,14.01.20 – анестезиология и реаниматология,Баялиева Айнагуль Жолдошевна,–,2018,,,
Сердюков Дмитрий Юрьевич,07.2.002.03 (Д 215.002.06),Оптимизация донозологической диагностики и профилактики атеросклероза у военнослужащих–мужчин молодого и среднего возраста,16.04.2018,14.01.04 – внутренние болезни,Гордиенко Александр Волеславович,–,2018,,,
Семагин Алексей Андреевич,07.2.002.06 (Д 215.002.14),Оптимизация методов функциональной сохранности большой подкожной вены в качестве коронарного шунта,16.04.2018,14.01.26 – сердечно–сосудистая хирургия,Андриевских Игорь Аркадьевич,–,2018,,,
Омельянюк Михаил Юрьевич,07.2.002.06 (Д 215.002.14),Профилактика послеоперационных осложнений при сердечно–сосудистых вмешательствах у больных с системными васкулитами,16.04.2018,14.01.26 – сердечно–сосудистая хирургия,Андриевских Игорь Аркадьевич,–,2018,,,
Трофимов Павел Николаевич,07.2.002.01 (Д 215.002.01),"Клинико–морфологическая дифференциальная диагностика ретикулярного эритематозного муциноза, опухолевидной красной волчанки и лимфоцитарной инфильтрации кожи",14.05.2018,"14.01.10 – кожные и венерические болезни, 14.03.02 – патологическая анатомия",Хайрутдинов Владислав Ринатович,Белоусова Ирена Эдуардовна,2018,,,
Пономарев Александр Анатольевич,07.2.002.02 (Д 215.002.02),"Закономерности строения верхней и нижней челюстей в норме, при различных видах ретенции и отсутствии зубов мудрости",15.05.2018,"14.03.01 – анатомия человека
14.01.14 – стоматология",Гайворонский Иван Васильевич,Гайворонская Мария Георгиевна,2018,,,
Начаров Петр Васильевич,Д 215.002.03 (Закрыт с 15.07.2022),"Патогенез общих и локальных изменений при воспалительных заболеваниях ЛОР–органов, их диагностическое и прогностическое значение",15.05.2018,"14.03.03 – патологическая физиология, 14.01.03 – болезни уха, горла и носа",Цыган Василий Николаевич,Янов Юрий Константинович,2018,,,
Шаймуратов Рустем Ильдарович,07.2.002.04 (Д 215.002.07) (Закрыт с 10.05.2024),Структурный анализ причин летальных исходов пациентов госпитализированных с внебольничной пневмонией в стационары Татарстана,15.05.2018,14.01.25 – пульмонология,Визель Александр Андреевич,–,2018,,,
Журкин Михаил Александрович,07.2.002.04 (Д 215.002.07) (Закрыт с 10.05.2024),Клинико–эпидемиологические особенности внебольничной вирусно–бактериальной пневмонии у военнослужащих и обоснование противовирусной терапии,15.05.2018,"14.01.25 – пульмонология, 14.02.02 – эпидемиология",Харитонов Михаил Анатольевич,Жоголев Константин Дмитриевич,2018,,,
Сотников Алексей Владимирович,07.2.002.03 (Д 215.002.06),"Метаболические, нефрологические и кардиальные факторы прогноза инфаркта миокарда у мужчин молодого и среднего возраста в различные сезоны года",24.05.2018,14.01.04 – внутренние болезни,Гордиенко Александр Волеславович,–,2018,,,
Гуляев Николай Иванович,07.2.002.03 (Д 215.002.06),"Кальцинированный аортальный стеноз: клиника, морфология, патогенез",24.05.2018,"14.01.05 – кардиология, 14.03.02 – патологическая анатомия",Гордиенко Александр Волеславович,Гайкова Ольга Николаевна,2018,,,
Глазырина Татьяна Михайловна,Д 215.002.03 (Закрыт с 15.07.2022),Психофизиологическая оценка факторов риска артериальной гипертензии у лиц призывного возраста,29.05.2018,19.00.02 – психофизиология,Юсупов Владислав Викторович,–,2018,,,
Синайская Мария Александровна,07.2.002.04 (Д 215.002.07) (Закрыт с 10.05.2024),Фармакоэпидемиология и исходы острого инфаркта миокарда с позиций гендерных особенностей,29.05.2018,"14.03.06 – фармакология, клиническая фармакология",Курочкина Ольга Николаевна,–,2018,,,
Габуева Фатима Абдулбариевна,Д 215.002.03 (Закрыт с 15.07.2022),Психофизиологическое прогнозирование военно–профессиональной адаптации военнослужащих женского пола,29.05.2018,19.00.02 – психофизиология,Юсупов Владислав Викторович,–,2018,,,
Зеленцов Роман Николаевич,07.2.002.04 (Д 215.002.07) (Закрыт с 10.05.2024),Экспериментальное (доклиническое) изучение оригинального репаранта на основе альгиновой кислоты,29.05.2018,"14.03.06 – фармакология, клиническая фармакология",Крылов Илья Альбертович,–,2018,,,
Трофимова Анна Сергеевна,07.2.002.03 (Д 215.002.06),Влияние различных медикаментозных методов лечения на клиническое течение гонартроза,04.06.2018,14.01.04 – внутренние болезни,Мазуров Вадим Иванович,–,2018,,,
Ковлен Денис Викторович,07.2.002.01 (Д 215.002.01),Научные основы разработки клинических рекомендаций по физической и реабилитационной медицине,04.06.2018,"14.03.11 – восстановительная медицина, спортивная медицина, лечебная физкультура, курортология и физиотерапия",Пономаренко Геннадий Николаевич,–,2018,,,
Царёва Ульяна Валерьевна,07.2.002.01 (Д 215.002.01),Клинико–патогенетическое обоснование применения транскраниальной электростимуляции в санаторно–курортном лечении больных бронхиальной астмой с ожирением,04.06.2018,"14.03.11 – восстановительная медицина, спортивная медицина, лечебная физкультура, курортология и физиотерапия",Антонюк Марина Владимировна,–,2018,,,
Баранова Наталья Александровна,07.2.002.03 (Д 215.002.06),Системное артериальное и внутриглазное давление: клинико–функциональные корреляции у больных артериальной гипертензией и глаукомой,04.06.2018,14.01.05 ? кардиология 14.01.07 ? глазные болезни,Овчинников Юрий Викторович,Куроедов Александр Владимирович,2018,,,
Васильев Сергей Юрьевич,07.2.002.01 (Д 215.002.01),Клинико–лабораторная и инструментальная характеристика хронической HCV–инфекции с цитопенией,04.06.2018,14.01.09 – инфекционные болезни,Попова Лариса Леонидовна,–,2018,,,
Брега Анастасия Вячеславовна,Д 215.002.03 (Закрыт с 15.07.2022),Патогенетические изменения гемодинамики при остром нарушении мозгового кровообращения у людей в зависимости от психофизиологических особенностей личности,05.06.2018,14.03.03 – патологическая физиология,Денисенко Наталия Петровна,–,2018,,,
Брус Татьяна Викторовна,Д 215.002.03 (Закрыт с 15.07.2022),Моделирование неалкогольной жировой болезни печени различной степени тяжести у лабораторных крыс и возможности ее коррекции,05.06.2018,14.03.03 – патологическая физиология,Васильев Андрей Глебович,–,2018,,,
Янишевский Андрей Викторович,07.2.002.02 (Д 215.002.02),Анатомо–топографическое обоснование миниинвазивного метода лечения гнойно–некротических осложнений синдрома диабетической стопы,13.06.2018,"14.03.01 – анатомия человека, 14.01.17 – хирургия",Гайворонский Иван Васильевич,Ивануса Сергей Ярославович,2018,,,
Дворовкин Антон Эдуардович,07.2.002.03 (Д 215.002.06),"Клинико–лабораторные особенности ревматоидного артрита, ассоциированного с аутоиммунным тиреоидитом",18.06.2018,14.01.04 – внутренние болезни,Один Виталий Иванович,–,2018,,,
Сайфуллин Рузиль Фларитович,07.2.002.03 (Д 215.002.06),"Состояние органов пищеварения у военнослужащих, контактирующих с источниками низкочастотных акустических колебаний в ходе профессиональной деятельности (клинико–экспериментальное исследование)",18.06.2018,"14.01.04 – внутренние болезни, 14.03.03 – патологическая физиология",Гордиенко Александр Волеславович,Селезнев Алексей Борисович,2018,,,
Салсанов Руслан Тимурбекович,Д 215.002.03 (Закрыт с 15.07.2022),Психофизиологическая оценка и коррекция психосоматических нарушений у врачей хирургов экстренных служб,19.06.2018,19.00.02 – психофизиология,Рыбников Виктор Юрьевич,–,2018,,,
Риф Ирина Евгеньевна,Д 215.002.03 (Закрыт с 15.07.2022),"Патофизиологические основы диагностики и лечения галитоза, ассоциированного с Solobacterium moorei",19.06.2018,"14.03.03 – патологическая физиология, 14.03.10 – клиническая лабораторная диагностика",Цыган Василий Николаевич,Кравцов Вячеслав Юрьевич,2018,,,
Булыщенко Геннадий Геннадьевич,Д 215.002.04 (Закрыт с 15.04.2022),Эндоскопическая трансфораминальная дискэктомия в лечении больных с дегенеративно–дистрофическими заболеваниями поясничного отдела позвоночника (клинико–анатомическое исследование),19.06.2018,"14.01.18 – нейрохирургия, 14.03.01 – анатомия человека",Орлов Владимир Петрович,Гайворонский Алексей Иванович,2018,,,адъюнкт
Дружинин Андрей Константинович,Д 215.002.04 (Закрыт с 15.04.2022),"Эпилепсия у больных пожилого возраста: клинические, нейрофизиологические и психосоциальные аспекты",19.06.2018,14.01.11 – нервные болезни,Михайлов Владимир Алексеевич,–,2018,,,
Одинцова Дина Викторовна,07.2.002.04 (Д 215.002.07) (Закрыт с 10.05.2024),Роль пневмонии в танатогенезе у пациентов с острым инфарктом миокарда и острым нарушением мозгового кровообращения,11.09.2018,14.01.25 – пульмонология,Малявин Андрей Георгиевич,–,2018,,,
Струков Егор Юрьевич,07.2.002.04 (Д 215.002.07) (Закрыт с 10.05.2024),Искусственное лечебное питание тяжелобольных и пострадавших в военно–медицинских организациях Министерства обороны Российской Федерации,11.09.2018,14.01.20 – анестезиология и реаниматология,Щеголев Алексей Валерианович,–,2018,,,
Кашерининов Игорь Юрьевич,07.2.002.04 (Д 215.002.07) (Закрыт с 10.05.2024),Настройка параметров вентиляции у пациентов без выраженных газообменных и гемодинамических нарушений в раннем послеоперационном периоде коронарного шунтирования в условиях искусственного кровообращения,11.09.2018,14.01.20 – анестезиология и реаниматология,Мазурок Вадим Альбертович,–,2018,,,
Лищук Надежда Биржановна,07.2.002.03 (Д 215.002.06),Возможности оптимизации диагностики и терапии «некислых» вариантов гастроэзофагеальной рефлюксной болезни,17.09.2018,14.01.04 – внутренние болезни,Симаненков Владимир Ильич,–,2018,,,
Кадыров Мухаммадхаёт Бахромович,07.2.002.05 (Д 215.002.09),Системный подход к оценке состояния больных острыми воспалительными заболеваниями челюстно–лицевой локализации,17.09.2018,14.01.14 – стоматология,Соловьев Михаил Михайлович,–,2018,,,
Чеминава Нино Ревазовна,07.2.002.05 (Д 215.002.09),Обоснование программы комплексной профилактики заболеваний пародонта у студентов медицинского вуза,17.09.2018,14.01.14 – стоматология,Кудрявцева Татьяна Васильевна,–,2018,,,
Семенов Евгений Анатольевич,07.2.002.06 (Д 215.002.14),Применение баллонной окклюзии аорты при тяжелых ранениях и травмах,17.09.2018,14.01.17 – хирургия,Самохвалов Игорь Маркеллович,–,2018,,,
Костенко Виктор Авенирович,07.2.002.03 (Д 215.002.06),Клинико–прогностическое значение системной воспалительной реакции при острой декомпенсации хронической сердечной недостаточности,17.09.2018,14.01.05 – кардиология,Ситникова Мария Юрьевна,–,2018,,,
Иванов Георгий Геннадьевич,07.2.002.06 (Д 215.002.14),Характеристика раневого процесса у больных с синдромом диабетической стопы,17.09.2018,14.01.17 – хирургия,Рисман Борис Вениаминович,–,2018,,,
Тимченко Владимир Владимирович,07.2.002.05 (Д 215.002.09),Планирование лечения пациентов с зубочелюстными аномалиями с преимущественной локализацией нарушений в вертикальном направлении,17.09.2018,14.01.14 – стоматология,Фадеев Роман Александрович,–,2018,,,
Орлова Ирина Анатольевна,07.2.002.01 (Д 215.002.01),Клинические и иммунологические особенности сифилиса при сочетании с ВИЧ–инфекцией,17.09.2018,14.01.10 – кожные и венерические болезни; 14.03.10 – клиническая лабораторная диагностика,Смирнова Ирина Олеговна,Иванов Андрей Михайлович,2018,,,
Гома Светлана Евгеньевна,07.2.002.01 (Д 215.002.01),Полипептиды и нуклеиновые кислоты в коррекции возрастных изменений кожи,17.09.2018,14.01.10 – кожные и венерические болезни,Королькова Татьяна Николаевна,–,2018,,,
Гурская Олеся Евгеньевна,Д 215.002.03 (Закрыт с 15.07.2022),Нейрофизиологические механизмы церебро–васкулярных нарушений функций головного мозга и их патогенетическая нейропротекция,18.09.2018,"14.03.03 – патологическая физиология 
14.01.11 – нервные болезни",Цыган Василий Николаевич,Миролюбов Александр Васильевич,2018,,,
Мкртычан Арсен Сергеевич,Д 215.002.03 (Закрыт с 15.07.2022),Психофизиологические особенности адаптации курсантов образовательного учреждения МЧС России к экстремальным условиям деятельности,18.09.2018,"19.00.02 – психофизиология 
14.03.03 – патофизиология",Юсупов Владислав Викторович,Королева Светлана Валерьевна,2018,,,
Журбин Евгений Александрович,Д 215.002.11 (Закрыт с 12.10.2022),Возможности ультразвукового исследования в диагностике и хирургическом лечении повреждений периферических нервов конечностей,21.09.2018,"14.01.13 – лучевая диагностика, лучевая терапия; 14.01.18 – нейрохирургия",Железняк Игорь Сергеевич,Гайворонский Алексей Иванович,2018,,,
Соколова Мария Георгиевна,Д 215.002.04 (Закрыт с 15.04.2022),Орфанные наследственные нервно–мышечные болезни: принципы дифференцированной терапии,25.09.2018,"14.01.11 ? нервные болезни, 03.03.01 – физиология",Лобзин Сергей Владимирович,Лопатина Екатерина Валентиновна,2018,,,
Соколова Ольга Витальевна,07.2.002.02 (Д 215.002.02),Судебно–медицинская оценка эффективности иммуногистохимических маркеров в изучении патогенеза и диагностике алкогольной кардиомиопатии,08.10.2018,"14.03.05 – судебная медицина 
14.03.02 – патологическая анатомия",Ягмуров Оразмурад Джумаевич,Насыров Руслан Абдуллаевич,2018,,,
Осмоловский Александр Николаевич,07.2.002.03 (Д 215.002.06),"Временное искусственное управление ритмом сердца в остром периоде инфаркта миокарда, осложненного брадиаритмиями",15.10.2018,14.01.05 – кардиология,Манак Николай Андреевич,–,2018,,,
Цветкова Инна Геннадьевна,07.2.002.03 (Д 215.002.06),"Особенности нейропатии, артериолярного кровотока и их взаимосвязи у женщин, больных сахарным диабетом 2 типа",15.10.2018,14.01.02 – эндокринология,Белякова Наталья Александровна,–,2018,,,
Гаджиев Нариман Казиханович,07.2.002.06 (Д 215.002.14),Инновационные технологии лечения и метафилактики нефролитиаза,15.10.2018,14.01.23 – урология,Петров Сергей Борисович,–,2018,,,
Кумышева Милана Музариновна,07.2.002.05 (Д 215.002.09),Особенности течения хронического тонзиллита при различных заболеваниях полости носа и околоносовых пазух,15.10.2018,"14.01.03 – болезни уха, горла и носа",Дворянчиков Владимир Владимирович,–,2018,,,
Солдатова Людмила Николаевна,07.2.002.05 (Д 215.002.09),Диагностика и лечение зубочелюстных аномалий у военнослужащих в военно–медицинских организациях Министерства обороны Российской Федерации,15.10.2018,14.01.14 – стоматология,Иорданишвили Андрей Константинович,–,2018,,,
Мороз Павел Владиславович,07.2.002.05 (Д 215.002.09),Эндодонтопародонтальные поражения: закономерности формирования и лечение,15.10.2018,14.01.14 – стоматология,Иорданишвили Андрей Константинович,–,2018,,,
Карпущенко Евгений Геннадьевич,07.2.002.06 (Д 215.002.14),Клинико–морфологическая адаптация буккального лоскута в уретральной хирургии,15.10.2018,14.01.23 – урология,Протощак Владимир Владимирович,–,2018,,,
Кательникова Анастасия Евгеньевна,07.2.002.04 (Д 215.002.07) (Закрыт с 10.05.2024),"Оценка эффективности комплекса гликозилированных полипептидов, выделенного из морских ежей вида Strongylocentrotus droebachiensis, в экспериментах при воспалительных процессах в бронхах",16.10.2018,"14.03.06 – фармакология, клиническая фармакология; 03.01.04 – биохимия",Воробьева Виктория Владимировна,Шиков Александр Николаевич,2018,,,
Маршалов Дмитрий Васильевич,07.2.002.04 (Д 215.002.07) (Закрыт с 10.05.2024),"Пути снижения анестезиолого–реаниматологических осложнений у беременных, рожениц и родильниц с ожирением",16.10.2018,14.01.20 – анестезиология и реаниматология,Шифман Ефим Муневич,Салов Игорь Аркадьевич,2018,,,
Шишкевич Андрей Николаевич,07.2.002.06 (Д 215.002.14),Эндоваскулярное лечение бифуркационного поражения коронарных артерий,22.10.2018,14.01.26 – сердечно–сосудистая хирургия,Хубулава Геннадий Григорьевич,Старчик Дмитрий Анатольевич,2018,,,
Кулай Дмитрий Георгиевич,07.2.002.06 (Д 215.002.14),Обоснование антидиуретической терапии при доброкачественной гиперплазии предстательной железы,22.10.2018,14.01.23 – урология,Протощак Владимир Владимирович,–,2018,,,
Лобозова Оксана Васильевна,Д 215.002.03 (Закрыт с 15.07.2022),Оптимизация психофизиологической адаптации студентов–первокурсников дифференцированным применением немедикаментозных тренирующих методов,23.10.2018,19.00.02 – психофизиология,Сысоев Владимир Николаевич,Мосягин Игорь Геннадьевич,2018,,,
Порожников Павел Алексеевич,Д 215.002.03 (Закрыт с 15.07.2022),Психофизиологические особенности военнослужащих по контракту при заболеваниях внутренних органов,23.10.2018,19.00.02 – психофизиология,Нагибович Олег Александрович,–,2018,,,
Кипчук Алена Васильевна,07.2.002.05 (Д 215.002.09),Профилактика и лечение поражений эмали зуба с применением органических и неорганических композиций,29.10.2018,14.01.14 – стоматология,Антонова Ирина Николаевна,–,2018,,,
Краснов Алексей Александрович,Д 215.002.04 (Закрыт с 15.04.2022),Система психопрофилактической работы в военных учебных заведениях,30.10.2018,14.01.06 – психиатрия,Шамрей Владислав Казимирович,–,2018,,,
Васягин Сергей Николаевич,Д 215.002.03 (Закрыт с 15.07.2022),Патогенетическое обоснование применения микроволокнистых материалов с иммобилизованными наночастицами меди и серебра в начальную фазу раневого процесса (экспериментальное исследование),30.10.2018,14.03.03 – патологическая физиология,Шперлинг Наталья Владимировна,–,2018,,,
Шулепов Александр Васильевич,Д 215.002.03 (Закрыт с 15.07.2022),Регионарное применение мезенхимных стромальных клеток в геле гиалуроновой кислоты при компрессионной травме мягких тканей (экспериментальное исследование),30.10.2018,"14.03.03 – патологическая физиология; 14.03.06 – фармакология, клиническая фармакология",Юркевич Юрий Васильевич,Шперлинг Наталья Владимировна,2018,,,
Османов Камил Фахраддинович,Д 215.002.03 (Закрыт с 15.07.2022),Патофизиологическое обоснование выбора методов лечения донорских ран после аутодермопластики,30.10.2018,14.03.03 – патологическая физиология; 14.01.17 – хирургия,Зиновьев Евгений Владимирович,Крайнюков Павел Евгеньевич,2018,,,
Астрелин Михаил Николаевич,07.2.002.05 (Д 215.002.09),Экспериментальное обоснование эффективности и безопасности перекрестного сшивания коллагена склеры,30.10.2018,14.01.07 – глазные болезни,Бикбов Мухаррам Мухтарамович,–,2018,,,
Янбухтина Зиля Раилевна,07.2.002.05 (Д 215.002.09),Клинико–экспериментальное исследование интраоперационного контрастирования внутриглазных структур отечественными витальными красителями,30.10.2018,14.01.07 – глазные болезни,Азнабаев Булат Маратович,–,2018,,,
Шаимов Тимур Булатович,07.2.002.05 (Д 215.002.09),Клинико–инструментальные диагностические критерии атипичного течения неоваскулярной формы возрастной макулярной дегенерации,30.10.2018,14.01.07 – глазные болезни,Панова Ирина Евгеньевна,–,2018,,,
Зайнуллин Ринат Мухаметович,07.2.002.05 (Д 215.002.09),Оптимизация диагностики и хирургического лечения диабетического макулярного отека в сочетании с эпиретинальной мембраной,30.10.2018,14.01.07 – глазные болезни,Бикбов Мухаррам Мухтарамович,–,2018,,,
Кундиус Юлия Викторовна,07.2.002.04 (Д 215.002.07) (Закрыт с 10.05.2024),Особенности применения карбоксипневмоторакса для коллабирования легкого у больных с повреждениями груди при проведении экстренной видеоторакоскопии,06.11.2018,14.01.20 – анестезиология и реаниматология,Волчков Владимир Анатольевич,–,2018,,,
Вейлер Роман Владимирович,07.2.002.04 (Д 215.002.07) (Закрыт с 10.05.2024),Оптимизация анестезии при обширных абдоминальных операциях у пожилых пациентов,06.11.2018,14.01.20 – анестезиология и реаниматология,Заболотских Игорь Борисович,–,2018,,,
Гайворонский Иван Николаевич,07.2.002.03 (Д 215.002.06),Индивидуально–типологические особенности клинического течения внебольничных пневмоний у лиц молодого возраста,19.11.2018,14.01.04 – внутренние болезни,Халимов Юрий Шавкатович,–,2018,,,адъюнкт
Власов Андрей Александрович,07.2.002.03 (Д 215.002.06),Ремоделирование миокарда и состояние микробно–тканевого комплекса кишечника при хронической сердечной недостаточности (клинико–экспериментальное исследование),19.11.2018,14.01.05 – кардиология,Саликова Светлана Петровна,–,2018,,,адъюнкт
Бекмухаметов Амир Фуатович,07.2.002.03 (Д 215.002.06),"Разработка методов оценки степени тяжести, прогноза и рисков развития осложнений у пациентов с острыми отравлениями, имеющих соматическую патологию",19.11.2018,14.01.04 – внутренние болезни; 14.03.04 – токсикология,Халимов Юрий Шавкатович,Кузьмич Владимир Геннадьевич,2018,,,адъюнкт
Некрасова Анна Сергеевна,07.2.002.03 (Д 215.002.06),Иммунные механизмы патогенеза хронических диффузных заболеваний печени и их коррекция сукцинатсодержащими лекарственными препаратами,03.12.2018,"14.01.04 – внутренние болезни 
14.03.09 – клиническая иммунология, аллергология",Стельмах Виктория Валерьевна,Козлов Виктор Константинович,2018,,,
Рудченко Игнат Валерьевич,07.2.002.03 (Д 215.002.06),Неинвазивная диагностика доклинического атеросклероза у военнослужащих МО РФ,03.12.2018,14.01.05 – кардиология,Тыренко Вадим Витальевич,–,2018,,,
Онницев Игорь Евгеньевич,07.2.002.06 (Д 215.002.14),Миниинвазивные методы в профилактике и лечении осложнений портальной гипертензии,10.12.2018,14.01.17 – хирургия,Ивануса Сергей Ярославович,–,2018,,,
Кандыба Дмитрий Вячеславович,Д 215.002.04 (Закрыт с 15.04.2022),Роль ассистирующих методов при внутрисосудистой окклюзии аневризм сосудов головного мозга,19.12.2018,14.01.18 – нейрохирургия,Свистов Дмитрий Владимирович,–,2018,,,
Андреев Руслан Валерьевич,Д 215.002.04 (Закрыт с 15.04.2022),Особенности послеоперационной мозговой дисфункции при операциях на клапанах сердца,19.12.2018,14.01.11 – нервные болезни,Литвиненко Игорь Вячеславович,–,2018,,,
Чуриков Леонид Игоревич,07.2.002.02 (Д 215.002.02),Вариантная анатомия лучевого нерва и особенности оперативных вмешательств при его повреждениях (анатомо–клиническое исследование),20.12.2018,14.03.01 – анатомия человека; 14.01.18 – нейрохирургия,Гайворонский Иван Васильевич,Гайворонский Алексей Иванович,2018,,,
Воробьева Ольга Михайловна,07.2.002.02 (Д 215.002.02),Иммуногистохимическое исследование факторов транскрипции и прогноза для аденом гипофиза,20.12.2018,14.03.02 – патологическая анатомия,Митрофанова Любовь Борисовна,–,2018,,,
Чернышева Дарья Юрьевна,07.2.002.06 (Д 215.002.14),Повышение эффективности эндоуретеротомии в лечении пациентов с непротяженными стриктурами мочеточников,24.12.2018,14.01.23 – урология,Попов Сергей Валерьевич,–,2018,,,
Копчак Дарья Викторовна,07.2.002.03 (Д 215.002.06),Клиническое обоснование эффективности использования пре– и пробиотиков у пациентов с метаболическим синдромом и нарушенным микробиоценозом тонкой и толстой кишки,14.01.2019,14.01.04 – внутренние болезни,Ткаченко Евгений Иванович,–,2019,,,
Берсенева Ольга Сергеевна,07.2.002.03 (Д 215.002.06),Оптимизация методов гормональной терапии низкорослости у больных с врожденной соматотропной недостаточностью,14.01.2019,14.01.02 – эндокринология,Башнина Елена Борисовна,–,2019,,,
Утегалиев Тимур Кенжешович,Д 215.002.03 (Закрыт с 15.07.2022),Патогенетическое обоснование профилактики и коррекции нарушений моторной и эвакуаторной функции пищеварительного тракта после аортокоронарного шунтирования,15.01.2019,14.03.03– патологическая физиология; 14.01.17– хирургия,Дергунов Анатолий Владимирович,Прошин Андрей Владимирович,2019,,,
Алексеенко Ольга Викторовна,07.2.002.03 (Д 215.002.06),Прогностическое значение и нутритивная коррекция гипергликемии при остром инфаркте миокарда,21.01.2019,14.01.02 – эндокринология,Луфт Валерий Матвеевич,–,2019,,,
Тиселько Алена Викторовна,07.2.002.03 (Д 215.002.06),Сахарный диабет 1 типа и беременность: оценка вариабельности гликемического профиля как основа стратегии инсулинотерапии,21.01.2019,14.01.02 – эндокринология,Айламазян Эдуард Карпович,Потин Владимир Всеволодович,2019,,,
Криволапов Денис Сергеевич,07.2.002.06 (Д 215.002.14),Обоснование малоинвазивных оперативных вмешательств при хирургических заболеваниях щитовидной железы,21.01.2019,14.01.17 – хирургия,Ромащенко Павел Николаевич ,–,2019,,,
Грибанов Николай Алексеевич,07.2.002.05 (Д 215.002.09),Клинико–экономический анализ лечения неоваскулярной возрастной макулярной дегенерации в фазе поддержания,28.01.2019,14.01.07 – глазные болезни,Куликов Алекей Николаевич,–,2019,,,адъюнкт
Сердюкова Светлана Анатольевна,07.2.002.05 (Д 215.002.09),Сравнительная характеристика методов компьютерной периметрии для диагностики и мониторинга глаукомы,28.01.2019,14.01.07 – глазные болезни,Симакова Ирина Леонидовна,–,2019,,,
Зозуля Максим Юрьевич,Д 215.002.11 (Закрыт с 12.10.2022),Ультразвуковая диагностика абдоминальных проявлений туберкулёзной инфекции у детей,08.02.2019,"14.01.13 – лучевая диагностика, лучевая терапия",Воротынцева Наталия Сергеевна,–,2019,,,
Анохин Дмитрий Юрьевич,Д 215.002.11 (Закрыт с 12.10.2022),Цифровая микрофокусная рентгенография в мониторинге лечения ревматоидного артрита,08.02.2019,"14.01.13 – лучевая диагностика, лучевая терапия",Железняк Игорь Сергеевич,–,2019,,,
Хрыков Глеб Николаевич,07.2.002.06 (Д 215.002.14),Лечение рака ободочной кишки у больных пожилого и старческого возраста,11.02.2019,14.01.17 – хирургия; 14.01.12 – онкология,Майстренко Николай Анатольевич,Манихас Георгий Моисеевич,2019,,,
Удалов Юрий Дмитриевич,07.2.002.03 (Д 215.002.06),Гипоксия в развитии фатальных осложнений у пациентов онкохирургического профиля,18.02.2019,14.01.04 – внутренние болезни,Гордиенко Александр Волеславович,–,2019,,,
Дыдышко Владислав Тадеевич,07.2.002.03 (Д 215.002.06),Факторы риска и особенности течения артериальной гипертензии у военнослужащих молодого и среднего возраста,18.02.2019,14.01.05 – кардиология,Яковлев Владимир Валерьевич,–,2019,,,
Матюшенко Мария Владимировна,07.2.002.03 (Д 215.002.06),Нарушения метаболизма стероидных гормонов у женщин репродуктивного возраста с ожирением и гиперандрогенией,18.02.2019,14.01.02 – эндокринология; 14.03.10 – клиническая лабораторная диагностика,Ворохобина Наталья Владимировна,Великанова Людмила Иосифовна,2019,,,
Щербаков Тарас Владимирович,Д 215.002.11 (Закрыт с 12.10.2022),"Экспериментальное обоснование применения факторов роста на основе плазмидных ДНК для предупреждения развития периферических нейропатий, индуцированных малатионом",22.02.2019,"14.03.04 – токсикология; 14.03.06 – фармакология, клиническая фармакология",Шилов Виктор Васильевич,Юдин Михаил Анатольевич,2019,,,
Лискова Юлия Владимировна,07.2.002.03 (Д 215.002.06),Клинико–морфологическое и прогностическое значение гендерных особенностей в ремоделировании миокарда при хронической сердечной недостаточности,18.03.2019,"14.01.05 – кардиология; 03.03.04 – клеточная биология, цитология, гистология",Саликова Светлана Петровна,Стадников Александр Абрамович,2019,,,
Фролова Арина Валерьевна,07.2.002.03 (Д 215.002.06),Диффузный токсический зоб: диагностическое и прогностическое значение комплексной оценки состояния миокарда,18.03.2019,14.01.02 – эндокринология,Родионова Татьяна Игоревна,–,2019,,,
Иванушко Мария Александровна,07.2.002.03 (Д 215.002.06),Клинико–лабораторные варианты различных типов течения феохромоцитомы,18.03.2019,14.01.02 – эндокринология; 14.03.10 – клиническая лабораторная диагностика,Ворохобина Наталья Владимировна,Великанова Людмила Иосифовна,2019,,,
Серебровская Ольга Леонидовна,07.2.002.01 (Д 215.002.01),"Клинико–лабораторная, эпидемиологическая и социально–демографическая характеристика ВИЧ–инфекции в Южно–Уральском регионе Российской Федерации",18.03.2019,14.01.09 – инфекционные болезни; 14.02.02 – эпидемиология,Буланьков Юрий Иванович,Конькова–Рейдман Алена Борисовна,2019,,,
Шанина Наталья Александровна,07.2.002.01 (Д 215.002.01),Коррекция возрастных изменений кожи лица комбинированным высокоинтенсивным лазерным излучением,18.03.2019,14.01.10 – кожные и венерические болезни,Самцов Алексей Викторович,–,2019,,,
Шлапакова Анна Владимировна,07.2.002.03 (Д 215.002.06),Оценка риска развития фибрилляции предсердий у больных с метаболическим синдромом,08.04.2019,14.01.05 – кардиология,Олесин Александр Иосифович,–,2019,,,
Ковалёв Алексей Викторович,07.2.002.03 (Д 215.002.06),Диагностические возможности эластографии в дифференциальной диагностике синдрома спленомегалии,08.04.2019,14.01.04 – внутренние болезни,Борсуков Алексей Васильевич,–,2019,,,
Гомон Анна Александровна,07.2.002.02 (Д 215.002.02),Судебно–медицинская диагностика расовой принадлежности человека на основе дерматоглифического метода исследования,08.04.2019,14.03.05 – судебная медицина,Божченко Александр Петрович,–,2019,,,
Головина Анна Евгеньевна,07.2.002.03 (Д 215.002.06),Значение субклинического каротидного атеросклероза в стратификации риска сердечно–сосудистых заболеваний,15.04.2019,14.01.05 – кардиология,Берштейн Леонид Львович,–,2019,,,
Ловкова Юлия Сергеевна,07.2.002.03 (Д 215.002.06),Течение и исходы беременности у женщин с диффузным токсическим зобом,15.04.2019,14. 01.02 – эндокринология; 14. 01.01 – акушерство и гинекология,Ворохобина Наталья Владимировна,Айламазян Эдуард Карпович,2019,,,
Еременко Татьяна Викторовна,07.2.002.03 (Д 215.002.06),"Клинические особенности метаболического синдрома в зависимости от носительства полиморфизма гена рецептора, активируемого пролифераторами пероксисом, гамма rs1801282",15.04.2019,14.01.02 – эндокринология,Котова Светлана Михайловна,–,2019,,,
Ахмедов Магомед Алиевич,07.2.002.06 (Д 215.002.14),Диагностика и коррекция метаболических нарушений у больных рецидивным уролитиазом,22.04.2019,14.01.23 – урология,Назаров Тоирхон Хакназарович,–,2019,,,
Паршин Василий Валерьевич,07.2.002.05 (Д 215.002.09),Клиническое обоснование применения миогимнастических упражнений и ортопедических методов коррекции осанки в комплексной реабилитации пациентов с патологией височно–нижнечелюстного сустава и парафункцией жевательных мышц,22.04.2019,14.01.14 – стоматология,Фадеев Роман Александрович,–,2019,,,
Ягин Михаил Васильевич,07.2.002.06 (Д 215.002.14),Малоинвазивные технологии в диагностике и лечении деструктивных форм острого аппендицита и его осложнений,22.04.2019,14.01.17 – хирургия,Майстренко Николай Анатольевич,–,2019,,,
Зайцева Екатерина Александровна,07.2.002.01 (Д 215.002.01),Клинико–патогенетические предикторы исходов этиотропной терапии у больных хроническим HBеAg–негативным гепатитом В,22.04.2019,14.01.09 – инфекционные болезни,Попова Лариса Леонидовна,–,2019,,,
Калинский Денис Павлович,Д 215.002.04 (Закрыт с 15.04.2022),Когнитивные расстройства у больных в раннем восстановительном периоде ишемического инсульта,23.04.2019,14.01.11 – нервные болезни,Лобзин Владимир Юрьевич,–,2019,,,
Мадай Ольга Дмитриевна,07.2.002.02 (Д 215.002.02),Обоснование программируемого многоэтапного хирургического лечения повреждений средней зоны лица у пострадавших с сочетанной травмой,13.05.2019,14.03.01 – анатомия человека; 14.01.17 – хирургия,Гайворонский Иван Васильевич,Бадалов Вадим Измайлович,2019,,,
Коцлова Анна Аликовна,Д 215.002.03 (Закрыт с 15.07.2022),Динамика микроциркуляции у пациентов с синдромом диабетической стопы при лечении методами клеточной и генной терапии,14.05.2019,14.03.03 – патологическая физиология,Власов Тимур Дмитриевич,–,2019,,,
Ляшедько Семен Петрович,Д 215.002.03 (Закрыт с 15.07.2022),Психофизиологическое обоснование режима тренировки пространственной ориентировки летчиков,14.05.2019,"14.03.08 – авиационная, космическая и морская медицина",Благинин Андрей Александрович,–,2019,,,
Канавец Наталия Сергеевна,07.2.002.03 (Д 215.002.06),"Особенности клинического течения метаболического синдрома у женщин, ассоциированного с аутоиммунным тиреоидитом",20.05.2019,14.01.02 – эндокринология,Василенко Владимир Станиславович,–,2019,,,
Апресян Анна Григорьевна,07.2.002.03 (Д 215.002.06),Особенности микроциркуляции и внутрипеченочного кровотока у больных гипертонической болезнью и ишемической болезнью сердца,20.05.2019,14.01.04 – внутренние болезни,Ермолов Сергей Юрьевич,–,2019,,,
Очеленко Виктор Алексеевич,07.2.002.06 (Д 215.002.14),Хирургическое лечение больных с протяженными сужениями мочеточников,20.05.2019,14.01.23 – урология,Комяков Борис Кириллович,–,2019,,,
Бессонова Нина Александровна,07.2.002.03 (Д 215.002.06),Особенности течения инфаркта миокарда с исходно низкой фракцией выброса у больных пожилого и старческого возраста при длительном наблюдении,20.05.2019,14.01.05 – кардиология; 14.01.30– геронтология и гериатрия,Яковлев Владимир Валерьевич,Козлов Кирилл Ленарович,2019,,,
Сыдиков Акмал Абдикахарович,07.2.002.02 (Д 215.002.02),"Эритродермия. Клинико–морфологические, молекулярно–генетические и дифференциально–диагностические особенности",03.06.2019,14.03.02 – патологическая анатомия; 14.01.10 – кожные и венерические болезни,Насыров Руслан Абдуллаевич,Заславский Денис Владимирович,2019,,,
Мельник Александр Михайлович,07.2.002.05 (Д 215.002.09),Патофизиологические основы диагностики и лечения полипозных риносинуситов,10.06.2019,"14.01.03 – болезни уха, горла и носа; 14.03.03 – патологическая физиология",Дворянчиков Владимир Владимирович,Цыган Василий Николаевич,2019,,,
Попов Гурий Иванович,07.2.002.06 (Д 215.002.14),Разработка и оценка эффективности тканеинженерного сосудистого имплантата на основе биодеградируемой полимерной матрицы,10.06.2019,14.01.26 – сердечно–сосудистая хирургия,Вавилов Валерий Николаевич,–,2019,,,
Тарабрина Анна Геннадьевна,07.2.002.05 (Д 215.002.09),Лечение воспалительных заболеваний пародонта у пациентов с несъемными ортопедическими конструкциями,10.06.2019,14.01.14 – стоматология,Сирак Сергей Владимирович,Щетинин Евгений Вячеславович,2019,,,
Ганеева Ирина Радиковна,07.2.002.04 (Д 215.002.07) (Закрыт с 10.05.2024),Седация и лечение боли у пациентов с нетравматическим субарахноидальным кровоизлиянием в интенсивной терапии,11.06.2019,14.01.20 – анестезиология и реаниматология,Баялиева Айнагуль Жолдошевна ,–,2019,,,
Куликов Вячеслав Олегович,Д 215.002.04 (Закрыт с 15.04.2022),"Инсомнические нарушения у курсантов военных образовательных учреждений (клиника, диагностика, коррекция)",11.06.2019,14.01.06 – психиатрия,Курасов Евгений Сергеевич,–,2019,,,
Шибаев Павел Владимирович,Д 215.002.04 (Закрыт с 15.04.2022),"Расстройства адаптации у сотрудников УМВД России по Курской области, вернувшихся из командировки в Северо–Кавказский регион (клинико–психопатологический, реабилитационный и профилактический аспекты)",11.06.2019,14.01.06 – психиатрия,Погосов Альберт Вазгенович,–,2019,,,
Федорова Ольга Владимировна,07.2.002.04 (Д 215.002.07) (Закрыт с 10.05.2024),Фармакологическая коррекция боли у животных с различной болевой чувствительностью,11.06.2019,"14.03.06 – фармакология, клиническая фармакология",Зарубина Ирина Викторовна,–,2019,,,
Садилина Софья Владимировна,07.2.002.05 (Д 215.002.09),Обоснование различных методов костной пластики альвеолярного отростка верхней челюсти и альвеолярной части нижней челюсти при подготовке к протезированию зубов,17.06.2019,14.01.14 – стоматология,Калакуцкий Николай Викторович,–,2019,,,
Щеглов Дмитрий Сергеевич,07.2.002.03 (Д 215.002.06),Взаимосвязь иммунологических нарушений и мультифокального атеросклероза у больных со стабильной стенокардией,20.06.2019,14.01.05 – кардиология,Василенко Владимир Станиславович,–,2019,,,
Клубкова Инна Александровна,07.2.002.03 (Д 215.002.06),Клиническая оценка брадиаритмий у подростков и лиц призывного возраста,20.06.2019,14.01.05 – кардиология,Авдеева Марина Владимировна,–,2019,,,
Коваленко Николай Александрович,07.2.002.02 (Д 215.002.02),"Вариантная анатомия ветвей чревного ствола, корней и притоков воротной вены и ее прикладное значение в хирургии гастроспленопанкреатодуоденальной зоны",20.06.2019,14.03.01 – анатомия человека; 14.01.17 – хирургия,Гайворонский Иван Васильевич,Котив Богдан Николаевич,2019,,,
Ничипорук Наталья Геннадьевна,07.2.002.02 (Д 215.002.02),Типологические и индивидуальные особенности строения костного таза у взрослых женщин в норме и при пролапсе тазовых органов,20.06.2019,14.03.01 – анатомия человека; 14.01.01 – акушерство и гинекология,Гайворонский Иван Васильевич,Ниаури Дарико Александровна,2019,,,
Борисов Александр Михайлович,Д 215.002.03 (Закрыт с 15.07.2022),Прогнозирование успешности обучения и адаптации воспитанников средних образовательных организаций с учетом их психофизиологических особенностей,25.06.2019,19.00.02 – психофизиология,Сысоев Владимир Николаевич,–,2019,,,
Плохотюк Елена Николаевна,Д 215.002.03 (Закрыт с 15.07.2022),"Обоснование мероприятий психофизиологического сопровождения военнослужащих, больных хроническим вирусным гепатитом С, получающих противовирусную терапию",25.06.2019,19.00.02 – психофизиология,Сысоев Владимир Николаевич,–,2019,,,
Чаава Лали Иродионовна,Д 215.002.03 (Закрыт с 15.07.2022),Клинико–патофизиологическая характеристика эндокринных и метаболических дисфункций у женщин после миомэктомии,25.06.2019,14.03.03 – патологическая физиология; 14.01.01 – акушерство и гинекология,Цыган Василий Николаевич,Кахиани Екатерина Инвериевна,2019,,,
Кораблев Родион Владимирович,Д 215.002.03 (Закрыт с 15.07.2022),Патофизиологические особенности неоангиогенеза и системы гемостаза при развитии новообразований различного гистологического типа (экспериментальное исследование),17.09.2019,14.03.03 – патологическая физиология,Васильев Андрей Глебович,–,2019,,,
Солин Алексей Владимирович,Д 215.002.03 (Закрыт с 15.07.2022),Гепатопротекторное действие опиоидных пептидов при стрессе,17.09.2019,14.03.03 – патологическая физиология,Ляшев Юрий Дмитриевич,Цыган Николай Васильевич,2019,,,
Каукова Александра Николаевна,07.2.002.03 (Д 215.002.06),"Особенности гемостаза и артериолярного кровотока у женщин, больных сахарным диабетом 2 типа и гипертонической болезнью",23.09.2019,14.01.02 – эндокринология,Белякова Наталья Александровна,–,2019,,,
Загатина Анжела Валентиновна,07.2.002.03 (Д 215.002.06),Неинвазивное ультразвуковое исследование коронарного кровотока во время физической нагрузки у здоровых лиц и пациентов с сердечно–сосудистой патологией: диагностические возможности и прогноз,23.09.2019,14.01.05 – кардиология,Сайганов Сергей Анатольевич,–,2019,,,
Замятнин Сергей Алексеевич,07.2.002.06 (Д 215.002.14),Оптимизация хирургического лечения местно–распространенного рака почки,23.09.2019,14.01.23 – урология,Комяков Борис Кириллович,–,2019,,,
Семелев Вячеслав Николаевич,07.2.002.03 (Д 215.002.06),Роль коморбидной патологии и состояния систем иммунитета и гемостаза в терапии больных острыми миелоидными лейкозами,23.09.2019,14.01.04 – внутренние болезни; 14.01.21 – гематология и переливание крови,Тыренко Вадим Витальевич,Никитин Владимир Юрьевич,2019,,,
Кевлова Евгения Викторовна,07.2.002.05 (Д 215.002.09),Совершенствование системы оказания амбулаторной стоматологической помощи аттестованным сотрудникам органов внутренних дел,23.09.2019,14.01.14 – стоматология,Иорданишвили Андрей Константинович,–,2019,,,
Буяновская Светлана Владимировна,07.2.002.05 (Д 215.002.09),"Оптимизация диагностики, мониторинга и лечения активной ретинопатии недоношенных у детей со сроком гестации менее 27 недель",23.09.2019,14.01.07 – глазные болезни,Сайдашева Эльвира Ирековна,–,2019,,,
Петривский Сергей Владимирович,07.2.002.06 (Д 215.002.14),Оптимизация лечения гнойно–некротических осложнений у пациентов с критической ишемией нижних конечностей путем местного применения перфторуглеродов,23.09.2019,14.01.26 – сердечно–сосудистая хирургия,Нохрин Сергей Петрович,–,2019,,,
Лысенко Анна Валерьевна,07.2.002.05 (Д 215.002.09),Профилактика и лечение одонтогенного перфоративного верхнечелюстного синусита,23.09.2019,"14.01.14 – стоматология 
14.01.03 – болезни уха, горла и носа",Яременко Андрей Ильич,Зубарева Анна Анатольевна,2019,,,
Тян Ксения Валериевна,Д 215.002.04 (Закрыт с 15.04.2022),Значение нейротрофического фактора головного мозга в патогенезе хронической головной боли напряжения,24.09.2019,14.01.11 – нервные болезни,Калинский Павел Павлович,–,2019,,,
Насырова Елена Юрьевна,07.2.002.04 (Д 215.002.07) (Закрыт с 10.05.2024),"Особенности влияния циклофосфамида, доксорубицина и цисплатина на показатели редокс–статуса крови при экспериментальном раке яичников с учетом способа введения химиопрепаратов",24.09.2019,"14.03.06 – фармакология, клиническая фармакология; 14.01.12 ? онкология",Шабанов Петр Дмитриевич,Антонеева Инна Ивановна,2019,,,
Войцеховский Дмитрий Владимирович,Д 215.002.04 (Закрыт с 15.04.2022),Влияние хирургического лечения аневризм головного мозга на качество жизни и когнитивные функции пациентов,24.09.2019,14.01.18 – нейрохирургия, Свистов Дмитрий Владимирович,–,2019,,,
Тарумов Дмитрий Андреевич,Д 215.002.11 (Закрыт с 12.10.2022),"Магнитно–резонансная диагностика морфофункциональных изменений головного мозга при психических и поведенческих расстройствах, вызванных употреблением опиоидов и алкоголя",11.10.2019,"14.01.13 – лучевая диагностика, лучевая терапия; 14.01.06 – психиатрия",Железняк Игорь Сергеевич,Шамрей Владислав Казимирович,2019,,,
Бржеская Ирина Вячеславовна,07.2.002.05 (Д 215.002.09),Асептические язвы роговицы при некоторых тяжелых заболеваниях глаз и способы их лечения,14.10.2019,14.01.07 – глазные болезни,Сомов Евгений Евгеньевич,–,2019,,,
Крайнюкова Лариса Александровна,07.2.002.05 (Д 215.002.09),Особенности факторов кариесрезистентности у больных атопическим дерматитом и их влияние на результаты химического отбеливания дисколоритов зубов,14.10.2019,14.01.14 – стоматология,Епифанов Сергей Александрович,–,2019,,,
Лукьянова Ирина Юрьевна,07.2.002.03 (Д 215.002.06),Cелективная коррекция хроно– и дромотропных нарушений при ишемической болезни сердца (клинико–экспериментальное исследование),21.10.2019,14.01.05 – кардиология,Шишкин Александр Николаевич,–,2019,,,
Зайцев Владимир Александрович,07.2.002.03 (Д 215.002.06),Функциональное состояние гипофизарно–гонадной системы и особенности сперматогенеза у персонала химически опасных объектов,21.10.2019,14.01.02 – эндокринология,Халимов Юрий Шавкатович,–,2019,,,
Борзунов Олег Игоревич,07.2.002.01 (Д 215.002.01),Персонализированная физическая терапия больных с заболеваниями органа зрения,21.10.2019,"14.03.11 – восстановительная медицина, спортивная медицина, лечебная физкультура, курортология и физиотерапия",Пономаренко Геннадий Николаевич,–,2019,,,
Ушаков Дмитрий Игоревич,07.2.002.06 (Д 215.002.14),Стратификация риска у кардиохирургических пациентов пожилого возраста,21.10.2019,14.01.26 – сердечно–сосудистая хирургия,Шихвердиев Назим Низамович,–,2019,,,
Соколова Алина Александровна,07.2.002.01 (Д 215.002.01),Патогенетические основы терапии генитального склероатрофического лихена у мужчин,21.10.2019,14.01.10 – кожные и венерические болезни; 14.03.02 – патологическая анатомия,Самцов Алексей Викторович,Катунина Оксана Рахимовна,2019,,,
Морозов Александр Дмитриевич,07.2.002.05 (Д 215.002.09),Тактика ведения больных при эндоназальных оперативных вмешательствах,28.10.2019,"14.01.03 – болезни уха, горла и носа",Дворянчиков Владимир Владимирович,–,2019,,,
Кубышкина Кристина Павловна,07.2.002.05 (Д 215.002.09),Лечение хронического генерализованного пародонтита средней степени тяжести с использованием ультразвука и озонированной воды,28.10.2019,14.01.14 – стоматология,Олейник Ольга Игоревна,–,2019,,,
Козырева Екатерина Евгеньевна,07.2.002.05 (Д 215.002.09),"Тонзиллэктомия с использованием полупроводникового лазера с длиной волны 970 нм: техника, преимущества",11.11.2019,"14.01.03 – болезни уха, горла и носа",Рябова Марина Андреевна,–,2019,,,
Белехова Светлана Георгиевна,07.2.002.05 (Д 215.002.09),"Сравнительный анализ морфометрических параметров структур глазного дна, полученных на различных типах оптических когерентных томографов",11.11.2019,14.01.07 – глазные болезни,Астахов Юрий Сергеевич,–,2019,,,
Макогонова Марина Евгеньевна,Д 215.002.11 (Закрыт с 12.10.2022),Магнитно–резонансная томография в дианостике миелопатий при спондилитах,15.11.2019,"14.01.13 – лучевая диагностика, лучевая терапия",Трофимова Татьяна Николаевна,Мушкин Александр Юрьевич,2019,,,
Шендеров Сергей Валерьевич,07.2.002.03 (Д 215.002.06),Прогнозирование эффективности и безопасности баллонной ангиопластики и стентирования венечных артерий при остром коронарном синдроме у пациентов старческого возраста,18.11.2019,14.01.05 – кардиология; 14.01.30 – геронтология и гериатрия,Козлов Кирилл Ленарович,Федорец Виктор Николаевич,2019,,,
Зеленов Максим Валерьевич,07.2.002.03 (Д 215.002.06),"Тромболитическая терапия при массивной тромбоэмболии легочной артерии: показания к применению, эффективность, осложнения при использовании различных тромболитиков",18.11.2019,14.01.04 – внутренние болезни,Овчинников Юрий Викторович,–,2019,,,
Лобзина Анастасия Сергеевна,Д 215.002.04 (Закрыт с 15.04.2022),Комплексная оценка нарушений церебрального (артериально–венозного) кровообращения у пациентов с хронической мигренью,19.11.2019,14.01.11 – нервные болезни,Клочева Елена Георгиевна,–,2019,,,
Вербицкий Олег Петрович,Д 215.002.04 (Закрыт с 15.04.2022),"Аневризмы экстракраниального отдела внутренней сонной артерии: клиника, диагностика, лечебная тактика",19.11.2019,14.01.18 – нейрохирургия,Савелло Александр Викторович,–,2019,,,
Никищенкова Юлия Владиславовна,07.2.002.03 (Д 215.002.06),Структурно–функциональные изменения миокарда у лиц пожилого и старческого возраста с сердечной недостаточностью с сохранной и незначительно сниженной систолической функцией левого желудочка в отдаленном периоде инфаркта миокарда,16.12.2019,14.01.05 – кардиология,Никифоров Виктор Сергеевич,–,2019,,,
Богомолов Сергей Николаевич,07.2.002.03 (Д 215.002.06),Возможности электрокардиографии в диагностике гипертрофии миокарда левого желудочка,16.12.2019,14.01.05 – кардиология,Куликов Александр Николаевич,–,2019,,,
Карякин Сергей Сергеевич,07.2.002.01 (Д 215.002.01),Оценка функционального состояния кишечника у больных хроническим гепатитом С с избыточной массой тела,16.12.2019,14.01.09 – инфекционные болезни,Жданов Константин Валерьевич,–,2019,,,
Саулевич Андрей Валерьевич,07.2.002.01 (Д 215.002.01),Клинико–экспериментальное обоснование коррекции дисбиоза кишечника у больных вирусными циррозами печени,16.12.2019,14.01.09 – инфекционные болезни,Жданов Константин Валерьевич,–,2019,,,
Лобзин Дмитрий Юрьевич,07.2.002.01 (Д 215.002.01),Клиническая и иммуногистохимическая оценка скорости развития фиброза у больных хроническим гепатитом С,16.12.2019,14.01.09 – инфекционные болезни,Жданов Константин Валерьевич,–,2019,,,
Самарцев Игорь Николаевич,Д 215.002.04 (Закрыт с 15.04.2022),Неврологические паттерны статодинамических нарушений (дифференциальная диагностика и лечение),17.12.2019,14.01.11 – нервные болезни,Живолупов Сергей Анатольевич,–,2019,,,
Колмык Вера Александровна,07.2.002.02 (Д 215.002.02),Клинико–морфологическая характеристика хронического эндометрита у женщин с отягощенным акушерско–гинекологическим анамнезом,23.12.2019,14.03.02 – патологическая анатомия; 14.01.01 – акушерство и гинекология,Насыров Руслан Абдуллаевич,Кутушева Галия Феттяховна,2019,,,
Семенов Алексей Анатольевич,07.2.002.02 (Д 215.002.02),Морфологическая характеристика основных и вспомогательных элементов коленного сустава в аспекте выбора оптимальной техники его эндопротезирования (анатомо–экспериментальное исследование),23.12.2019,14.03.01 – анатомия человека; 14.01.15 – травматология и ортопедия,Гайворонский Иван Васильевич,Хоминец Владимир Васильевич,2019,,,
Тиханов Виктор Иванович,07.2.002.04 (Д 215.002.07) (Закрыт с 10.05.2024),Фармакологический анализ свободно–радикального окисления липидов печени холинотропными средствами при переохлаждении,24.12.2019,"14.03.06 – фармакология, клиническая фармакология",Шабанов Петр Дмитриевич,–,2019,,,
Радченко Елена Владимировна,07.2.002.04 (Д 215.002.07) (Закрыт с 10.05.2024),Экспериментальное и фармакоэкономическое обоснование применения частичных агонистов никотиновых ацетилхолиновых рецепторов для лечения никотиновой зависимости,24.12.2019,"14.03.06 – фармакология, клиническая фармакология",Колбин Алексей Сергеевич,–,2019,,,
Трегубов Алексей Викторович,07.2.002.03 (Д 215.002.06),Электрокардиографические и эхокардиографические предикторы эффективности антиаритмической терапии и интервенционного лечения фибрилляции предсердий,20.01.2020,14.01.05 – кардиология,Шубик Юрий Викторович,–,2020,,,
Кунавина Карина Александровна,07.2.002.05 (Д 215.002.09),Комплексная оценка стоматологической патологии у лиц с синдромом зависимости от алкоголя,20.01.2020,"14.01.14 – стоматология 
14.01.27 – наркология",Оправин Александр Сергеевич,Соловьев Андрей Горгоньевич,2020,,,
Чепчерук Ольга Георгиевна,07.2.002.03 (Д 215.002.06),Особенности состояния сердечно–сосудистой системы у мужчин молодого возраста с вазовагальными синкопальными состояниями,20.01.2020,14.01.04 – внутренние болезни,Барсуков Антон Владимирович,–,2020,,,
Пономарев Вячеслав Олегович,07.2.002.05 (Д 215.002.09),Экспериментальное обоснование персонализированного дозирования антибактериальных препаратов для интравитреального введения в лечении острых послеоперационных эндофтальмитов,20.01.2020,14.01.07 – глазные болезни,Казайкин Виктор Николаевич,–,2020,,,
Фомин Кирилл Николаевич,07.2.002.06 (Д 215.002.14),Индивидуальный подход к лечению больных с острым тромбозом глубоких вен нижних конечностей и прогнозирование его исходов,20.01.2020,14.01.26 – сердечно–сосудистая хирургия,Сорока Владимир Васильевич,–,2020,,,
Найданова Ирина Санжимитуповна,07.2.002.05 (Д 215.002.09),Особенности функциональных нарушений височно–нижнечелюстного сустава и жевательных мышц у молодых пациентов с сохраненными зубными рядами,20.01.2020,14.01.14 – стоматология,Писаревский Юрий Леонидович,–,2020,,,
Москвин Глеб Владимирович,07.2.002.05 (Д 215.002.09),Эффективность использования трансплантатов гребня подвздошной кости при атрофии альвеолярного отростка и альвеолярной части челюстей,20.01.2020,14.01.14 – стоматология,Бородулина Ирина Ивановна,–,2020,,,
Тагиров Наир Сабирович,Д 215.002.03 (Закрыт с 15.07.2022),Патогенетическая коррекция метаболических нарушений и андрогенного дефицита в лечении больных уролитиазом (клинико–экспериментальное исследование),21.01.2020,14.03.03 – патологическая физиология,Васильев Андрей Глебович,–,2020,,,
Ташханов Дмитрий Маратович,07.2.002.04 (Д 215.002.07) (Закрыт с 10.05.2024),Органопротективные эффекты дистантного ишемического прекондиционирования при протезировании аортального клапана в условиях искусственного кровообращения,21.01.2020,14.01.20 – анестезиология и реаниматология,Баутин Андрей Евгеньевич,–,2020,,,
Солтан Павел Сергеевич,Д 215.002.04 (Закрыт с 15.04.2022),Клинико–генетическая характеристика глиальных опухолей у детей,21.01.2020,14.01.18 – нейрохирургия; 14.01.12 – онкология,Хачатрян Вильям Арамович,Старцев Владимир Юрьевич,2020,,,
Ковтун Демьян Павлович,07.2.002.02 (Д 215.002.02),Патоморфологические прогностические критерии колоректального рака II стадии,27.01.2020,14.03.02 – патологическая анатомия,Аничков Николай Мильевич,–,2020,,,
Сизоненко Николай Александрович,07.2.002.06 (Д 215.002.14),Программа ускоренного выздоровления в хирургическом лечении больных острой обтурационной толстокишечной непроходимостью опухолевого генеза,03.02.2020,14.01.17 – хирургия,Суров Дмитрий Александрович,–,2020,,,
Александров Павел Вячеславович,07.2.002.03 (Д 215.002.06),"Эффективность второго этапа кардиореабилитации пациентов, перенесших операцию коронарного шунтирования",17.02.2020,14.01.05 – кардиология,Перепеч Никита Борисович,–,2020,,,
Алексеева Александра Сергеевна,07.2.002.03 (Д 215.002.06),Влияние персонифицированного подхода на эффективность и безопасность терапии антагонистами витамина К у пациентов с неклапанной фибрилляцией предсердий и венозным тромбоэмболизмом,17.02.2020,14.01.04 – внутренние болезни,Воробьева Надежда Александровна,–,2020,,,
Ваганова Янина Аудрюсовна,07.2.002.01 (Д 215.002.01),Кинезотерапия беременных женщин с дорсопатиями,17.02.2020,"14.03.11 – восстановительная медицина, спортивная медицина, лечебная физкультура, курортология и физиотерапия; 14.01.01 – акушерство и гинекология",Суслова Галина Анатольевна,Гайдуков Сергей Николаевич,2020,,,
Кирсанова Анна Алексеевна,07.2.002.01 (Д 215.002.01),Клинико–организационные аспекты совершенствования медицинской реабилитации военнослужащих,17.02.2020,"14.03.11 – восстановительная медицина, спортивная медицина, лечебная физкультура, курортология и физиотерапия",Пономаренко Геннадий Николаевич,–,2020,,,
Грачев Иван Николаевич,07.2.002.04 (Д 215.002.07) (Закрыт с 10.05.2024),Сравнительная оценка методов респираторной терапии при тяжелой внебольничной пневмонии,18.02.2020,14.01.20 – анестезиология и реаниматология,Щеголев Алексей Валерианович,–,2020,,,адъюнкт
Филиппова Анастасия Владимировна,07.2.002.04 (Д 215.002.07) (Закрыт с 10.05.2024),Профиль безопасности лекарственных препаратов биологического происхождения,18.02.2020,"14.03.06 – фармакология, клиническая фармакология",Колбин Алексей Сергеевич,–,2020,,,
Мучник Петр Юрьевич,Д 215.002.04 (Закрыт с 15.04.2022),Причины и следствия ошибок дифференциальной диагностики шизофрении и аффективных расстройств в психиатрическом стационаре,18.02.2020,14.01.06 – психиатрия,Снедков Евгений Владимирович,–,2020,,,
Киселева Татьяна Сергеевна,Д 215.002.03 (Закрыт с 15.07.2022),Аллельный полиморфизм иммунорегуляторных генов в патогенезе персистенции вируса папилломы человека,18.02.2020,14.03.03 – патологическая физиология; 14.03.10 – клиническая лабораторная диагностика,Гумилевский Борис Юриевич,Кахиани Екатерина Инвериевна,2020,,,
Колмакова Кристина Андреевна,Д 215.002.04 (Закрыт с 15.04.2022),Нарушение церебральной и системной гемодинамики при болезни Альцгеймера,18.02.2020,14.01.11 – нервные болезни,Лобзин Владимир Юрьевич,–,2020,,,
Синицына Анастасия Вячеславовна,Д 215.002.11 (Закрыт с 12.10.2022),Ультразвуковая визуализация артериальной связки и парааортальных кальцинатов в диагностике малой формы туберкулеза,21.02.2020,"14.01.13 – лучевая диагностика, лучевая терапия",Синельникова Елена Владимировна,–,2020,,,
Никитенко Виталий Викторович,Д 215.002.03 (Закрыт с 15.07.2022),Болевые синдромы челюстно–лицевой области у военнослужащих в различных климатогеографических условиях несения службы: патофизиологические и организационные основы лечебно–диагностического процесса,03.03.2020,14.03.03 – патологическая физиология; 14.01.14 – стоматология,Цыган Василий Николаевич,Борисова Элеонора Геннадиевна,2020,,,
Дыгун Ольга Дмитриевна,07.2.002.03 (Д 215.002.06),"Субклинический гипотиреоз: частота выявления, диапазон значений тиреотропного гормона, ассоциированный с сердечно–сосудистыми заболеваниями",16.03.2020,14.01.02 – эндокринология,Волкова Анна Ральфовна,–,2020,,,
Карчикьян Павел Олегович,07.2.002.03 (Д 215.002.06),Диастолическая дисфункция левого желудочка и динамика функционального статуса пациентов после эпизода острой декомпенсированной сердечной недостаточности. Эффект ингибиторов If–каналов.,16.03.2020,14.01.05 – кардиология,Сайганов Сергей Анатольевич,–,2020,,,
Попов Владимир Юрьевич,07.2.002.05 (Д 215.002.09),Возможности местной противовоспалительной терапии в комплексном лечении больных с синдромом «сухого глаза»,16.03.2020,"14.01.07 – глазные болезни; 14.03.09 – клиническая иммунология, аллергология",Бржеский Владимир Всеволодович,Калинина Наталия Михайловна,2020,,,
Кравцов Максим Николаевич,Д 215.002.04 (Закрыт с 15.04.2022),Чрескожная видеоэндоскопическая хирургия в комплексном лечении дегенеративно–дистрофических заболеваний позвоночника,17.03.2020,14.01.18 – нейрохирургия,Гайдар Борис Всеволодович,–,2020,,,
Бугаев Петр Андреевич,Д 215.002.11 (Закрыт с 12.10.2022),Экспериментальная оценка эффективности пептидных препаратов при поражениях печени производными гидразина,20.03.2020,"14.03.04 – токсикология, 14.03.06 – фармакология, клиническая фармакология",Башарин Вадим Александрович,Антушевич Александр Евгеньевич,2020,,,адъюнкт
Константинов Дмитрий Юрьевич,07.2.002.01 (Д 215.002.01),"Липидный дистресс–синдром у больных хроническим гепатитом С: особенности течения, оценка прогноза и подходы к лечению.",23.03.2020,14.01.09 – инфекционные болезни,Суздальцев Алексей Александрович,–,2020,,,
Швед Нина Викторовна,07.2.002.02 (Д 215.002.02),Патологическая анатомия ремоделирования миокарда при почечной недостаточности,15.06.2020,14.03.02 – патологическая анатомия,Байков Вадим Валентинович,–,2020,,,
Якушина Наталья Дмитриевна,07.2.002.04 (Д 215.002.07) (Закрыт с 10.05.2024),Фармакология пептидных механизмов игрового поведения у крыс,16.06.2020,"14.03.06 – фармакология, клиническая фармакология",Шабанов Петр Дмитриевич,–,2020,,,
Пахомова Елена Евгеньевна,07.2.002.01 (Д 215.002.01),"Плазма, обогащенная тромбоцитами, в терапии пациентов с андрогенетической алопецией",22.06.2020,14.01.10 – кожные и венерические болезни,Смирнова Ирина Олеговна,–,2020,,,
Козлова Ольга Петровна,07.2.002.01 (Д 215.002.01),Клинико–лабораторные особенности актиномикоза,22.06.2020,14.01.09 – инфекционные болезни,Климко Николай Николаевич,–,2020,,,
Кушнарёв Александр Петрович,Д 215.002.03 (Закрыт с 15.07.2022),Использование психогенетических особенностей военнослужащих в системе профессионального отбора для деятельности в экстремальных условиях,23.06.2020,19.00.02 – психофизиология,Сысоев Владимир Николаевич,–,2020,,,
Горнов Сергей Валерьевич,Д 215.002.03 (Закрыт с 15.07.2022),Медико–психологическая реабилитация лётчиков после воздействия боевого стресса,23.06.2020,"14.03.08 – авиационная, космическая и морская медицина; 14.03.11 – восстановительная медицина, спортивная медицина, лечебная физкультура, курортология и физиотерапия",Благинин Андрей Александрович,Щегольков Александр Михайлович,2020,,,
Авраменко Антон Алексеевич,07.2.002.06 (Д 215.002.14),Пути оптимизации этапной гемодинамической коррекции у пациентов с функционально единственным желудочком сердца и обструкцией системного кровотока,14.09.2020,14.01.26 – сердечно–сосудистая хирургия,Хохлунов Сергей Михайлович,–,2020,,,
Гусейнов Руслан Гусейнович,07.2.002.06 (Д 215.002.14),Повышение эффективности фармакологической защиты почки при нефросберегающих вмешательствах (экспериментальное исследование),14.09.2020,14.01.23 – урология,Попов Сергей Валерьевич,–,2020,,,
Винницкий Денис Андреевич,07.2.002.05 (Д 215.002.09),Хирургическая реабилитация пациентов с катарактой с имплантацией трифокальной и бифокальной интраокулярной линзы,14.09.2020,14.01.07 – глазные болезни,Бойко Эрнест Витальевич,–,2020,,,
Вихнина Софья Модестовна,07.2.002.05 (Д 215.002.09),Отсроченные нарушения слуха у детей с врожденной цитомегаловирусной инфекцией,14.09.2020,"14.01.03 – болезни уха, горла и носа",Бобошко Мария Юрьевна,–,2020,,,
Гомон Юлия Михайловна,07.2.002.04 (Д 215.002.07) (Закрыт с 10.05.2024),Комплексная клинико–экономическая оценка применения антимикробных препаратов на стационарном этапе оказания медицинской помощи,15.09.2020,"14.03.06 – фармакология, клиническая фармакология",Колбин Алексей Сергеевич,–,2020,,,
Потапкин Александр Михайлович,07.2.002.04 (Д 215.002.07) (Закрыт с 10.05.2024),Подкрепляющее и противосудорожное действие новых антагонистов глутаматных рецепторов,15.09.2020,"14.03.06 – фармакология, клиническая фармакология",Шабанов Петр Дмитриевич,–,2020,,,
Мамиев Назар Джуманазарович,07.2.002.03 (Д 215.002.06),Аритмическая форма кардиомиопатии перенапряжения у спортсменов и ее профилактика с использованием немедикаментозных методов,21.09.2020,14.01.05 – кардиология,Василенко Владимир Станиславович,–,2020,,,
Скородумова Елизавета Геннадьевна,07.2.002.03 (Д 215.002.06),Особенности клинического течения и прогностические факторы при декомпенсированной хронической сердечной недостаточности с промежуточной фракцией выброса левого желудочка,21.09.2020,14.01.05 – кардиология,Костенко Виктор Авенирович,–,2020,,,
Ганин Александр Сергеевич,07.2.002.06 (Д 215.002.14),Селективная артериальная эмболизация в комплексном лечении язвенных желудочно–кишечных кровотечений,21.09.2020,14.01.17 – хирургия,Мусинов Игорь Михайлович,–,2020,,,
Банников Сергей Анатольевич,07.2.002.05 (Д 215.002.09),Совершенствование диагностики неинвазивных микозов околоносовых пазух,21.09.2020,"14.01.03 – болезни уха, горла и носа",Миронов Василий Геннадьевич,–,2020,,,
Мелиева Зухра Юсуфджановна,07.2.002.02 (Д 215.002.02),"Морфологические критерии дифференциальной диагностики низкодифференцированных серозных, муцинозных и эндометриоидных цистаденокарцином яичников",21.09.2020,14.03.02 – патологическая анатомия,Хмельницкая Наталия Михайловна,–,2020,,,
Андреева Елена Анатольевна,07.2.002.02 (Д 215.002.02),Патологоанатомическая характеристика сепсиса в современных условиях,21.09.2020,14.03.02 – патологическая анатомия,Чирский Вадим Семенович,–,2020,,,
Федоровский Игорь Дмитриевич,Д 215.002.04 (Закрыт с 15.04.2022),Клинические и психосоциальные характеристики больных параноидной шизофренией с частыми и редкими госпитализациями,22.09.2020,14.01.06 – психиатрия,Пашковский Владимир Эдуардович,–,2020,,,
Никишина Оксана Александровна,Д 215.002.04 (Закрыт с 15.04.2022),Клинико–лабораторная оценка динамики показателей интеллектуально–мнестических функций у больных миодистрофией Дюшенна,22.09.2020,14.01.11 – нервные болезни,Лобзин Сергей Владимирович,–,2020,,,
Субханов Кафлан Субханович,Д 215.002.04 (Закрыт с 15.04.2022),Совершенствование комплексной диагностики и оптимизация трансназального эндоскопического лечения назальной ликвореи,22.09.2020,14.01.18 – нейрохирургия,Черебилло Владислав Юрьевич,–,2020,,,
Балабанова Ольга Леонидовна,Д 215.002.11 (Закрыт с 12.10.2022),Химико–токсикологическая диагностика отравлений современными синтетическими наркотическими средствами,02.10.2020,14.03.04 – токсикология; 14.03.10 – клиническая лабораторная диагностика,Шилов Виктор Васильевич,Глушков Сергей Иванович ,2020,,,
Заславская Екатерина Леонидовна,07.2.002.03 (Д 215.002.06),"Электрофизиологические, эхокардиографические и молекулярные предикторы эффективности радиочастотной изоляции устьев легочных вен у пациентов с пароксизмальной фибрилляцией предсердий и метаболическим синдромом",05.10.2020,14.01.05 – кардиология,Баранова Елена Ивановна,–,2020,,,
Мануилов Андрей Сергеевич,07.2.002.03 (Д 215.002.06),Программный экстракорпоральный фотоферез в комплексном лечении ревматоидного артрита,05.10.2020,14.01.04 – внутренние болезни; 14.01.21 – гематология и переливание крови,Тишко Валерий Владимирович,Захаров Михаил Владимирович,2020,,,
Полонская Ирина Ивановна,07.2.002.03 (Д 215.002.06),"Структурно–функциональные изменения сердечно–сосудистой системы, качество жизни, медико–социальная экспертиза и реабилитация при коронарном шунтировании",05.10.2020,14.01.04 – внутренние болезни,Сергеева Вера Владимировна,–,2020,,,
Далинин Вадим Вадимович,07.2.002.06 (Д 215.002.14),Хирургическое лечение аортального стеноза у пациентов пожилого и старческого возраста с применением бесшовных биологических протезов,05.10.2020,14.01.26 – сердечно–сосудистая хирургия,Борисов Игорь Алексеевич,–,2020,,,
Булатов Альберт Ренатович,Д 215.002.04 (Закрыт с 15.04.2022),Клинико–инструментальные характеристики и метаболическая терапия травматических невропатий конечностей,06.10.2020,14.01.11 – нервные болезни,Литвиненко Игорь Вячеславович,–,2020,,,адъюнкт
Богдан Андрей Александрович,Д 215.002.11 (Закрыт с 12.10.2022),Изменение функционального состояния вещества головного мозга при рассеянном склерозе по данным протонной магнитно–резонансной спектроскопии,09.10.2020,"14.01.13 – лучевая диагностика, лучевая терапия",Трофимова Татьяна Николаевна,–,2020,,,
Мурсалов Самир Усман–Оглы,Д 215.002.03 (Закрыт с 15.07.2022),Молекулярные механизмы синдрома полиморбидности в пожилом возрасте,13.10.2020,14.03.03 – патологическая физиология; 14.01.30 – геронтология и гериатрия,Кветной Игорь Моисеевич,–,2020,,,
Билый Андрей Михайлович,Д 215.002.03 (Закрыт с 15.07.2022),Сохранение здоровья и профессионального долголетия,13.10.2020,19.00.02 – психофизиология,Сысоев Владимир Николаевич,–,2020,,,
Милая Наталия Олеговна,07.2.002.03 (Д 215.002.06),"Метаболическое здоровье, состав тела и факторы, связанные с ними у женщин с алиментарно–конституциональным ожирением",19.10.2020,14.01.02 – эндокринология,Белякова Наталья Александровна,–,2020,,,
Сиверина Анна Викторовна,07.2.002.03 (Д 215.002.06),"Ближайший и отдалённый прогнозы у пациентов с инфарктом миокарда и острым повреждением почек в зависимости от полиморфизма генов АРОЕ, SLCO1B1, CYP2C19, NOS3",19.10.2020,14.01.04 – внутренние болезни,Скородумова Елена Андреевна,–,2020,,,
Завьялов Денис Михайлович,Д 215.002.04 (Закрыт с 15.04.2022),Методы профилактики рубцово–спаечного эпидурита при микродискэктомиях на пояснично–крестцовом отделе позвоночника,20.10.2020,14.01.18 – нейрохирургия,Орлов Владимир Петрович,–,2020,,,
Гаврилов Гаспар Владимирович,Д 215.002.04 (Закрыт с 15.04.2022),"Идиопатическая нормотензивная гидроцефалия: патогенез, диагностика, дифференцированное хирургическое лечение",20.10.2020,14.01.18 – нейрохирургия,Гайдар Борис Всеволодович,–,2020,,,
Нестерова Анна Андреевна,07.2.002.05 (Д 215.002.09),Органосохраняющее комплексное лечение хронического аденоидита,30.11.2020,"14.01.03 – болезни уха, горла и носа",Кротов Юрий Александрович,–,2020,,,
Блюмина Софья Григорьевна,07.2.002.06 (Д 215.002.14),Дифференциальная диагностика и планирование хирургического доступа при опухолях надпочечников с применением компьютерной томографии,30.11.2020,"14.01.17 – хирургия; 14.01.13 – лучевая диагностика, лучевая терапия",Ромащенко Павел Николаевич ,Железняк Игорь Сергеевич,2020,,,
Сапова Ксения Игоревна,07.2.002.05 (Д 215.002.09),Оптимизация лечебно – диагностическои? тактики у больных с инвертированной папилломой сино–назальной локализации,30.11.2020,"14.01.03 – болезни уха, горла и носа",Коноплев Олег Иванович,–,2020,,,
Федоровская Надежда Станиславовна,07.2.002.02 (Д 215.002.02),Закономерности иммуноморфологических процессов в селезенке человека в норме и при цитопениях иммунного генеза (иммунной тромбоцитопении и апластической анемии),07.12.2020,"14.03.02 – патологическая анатомия; 03.03.04 – клеточная биология, цитология, гистология",Петров Семен Венедиктович,Железнов Лев Михайлович,2020,,,
Степаненко Иван Александрович,07.2.002.03 (Д 215.002.06),Латентные аритмии и некоторые показатели нейро–гуморального статуса у лиц предпризывного и призывного возраста,21.12.2020,14.01.04 – внутренние болезни,Салухов Владимир Владимирович,–,2020,,,
Смирнова Виктория Олеговна,07.2.002.02 (Д 215.002.02),"Динамика морфологических изменений, клеточной плотности, гормоно–рецепторного статуса, экспрессии HER2 и пролиферативного индекса карцином молочной железы при проведении неоадъювантной (предоперационной) системной терапии",21.12.2020,14.03.02 – патологическая анатомия; 14.01.12 – онкология,Чирский Вадим Семенович,Семиглазов Владимир Федорович,2020,,,
Фатеева Наталья Владимировна,07.2.002.02 (Д 215.002.02),Патоморфология гравидарного эндометрия и ворсинчатого хориона при привычном невынашивании беременности ранних сроков у женщин с хроническим эндометритом,21.12.2020,14.03.02 – патологическая анатомия,Перетятко Любовь Петровна,–,2020,,,
Ахметшин Ильгам Марсович,07.2.002.03 (Д 215.002.06),Диагностическое значение саркопении в оценке фильтрационной функции почек у больных хронической сердечной недостаточностью,21.12.2020,14.01.04 – внутренние болезни,Гордиенко Александр Волеславович,–,2020,,,адъюнкт
Карпович Вадим Валерьевич,07.2.002.05 (Д 215.002.09),Исследование свойств полимерных матриц–носителей для культивированных лимбальных стволовых клеток в эксперименте,21.12.2020,"14.01.07 – глазные болезни; 03.03.04 – клеточная биология, цитология, гистология",Куликов Алексей Николаевич,Блинова Миральда Ивановна,2020,,,
Николаенко Евгения Николаевна,07.2.002.05 (Д 215.002.09),Электрофизиологические показатели сетчатки и зрительного нерва после витрэктомии,21.12.2020,14.01.07 – глазные болезни,Куликов Алексей Николаевич,–,2020,,,
Гаврилюк Илья Олегович,07.2.002.05 (Д 215.002.09),Применение культивированных буккальных эпителиальных клеток в лечении лимбальной недостаточности (экспериментальное исследование),21.12.2020,14.01.07 – глазные болезни,Куликов Алексей Николаевич,–,2020,,,
Любушкина Анна Валентиновна,07.2.002.01 (Д 215.002.01),Клинико–патогенетическое обоснование раннего прогноза степени тяжести геморрагической лихорадки с почечным синдромом,21.12.2020,14.01.09 – инфекционные болезни,Попова Лариса Леонидовна,–,2020,,,
Калимулин Олег Абдулбариевич,07.2.002.03 (Д 215.002.06),Новые подходы в лечении хронической сердечной недостаточности у пациентов с коморбидной патологией (ХОБЛ) с использованием ангиотензиновых рецепторов неприлизин ингибитора,21.12.2020,14.01.04 – внутренние болезни,Тыренко Вадим Витальевич,–,2020,,,
Вайншенкер Юлия Исааковна,Д 215.002.04 (Закрыт с 15.04.2022),"Посткоматозные длительные бессознательные состояния: патогенез, клиника, лечение, прогноз",22.12.2020,14.01.11 – нервные болезни,Цыган Николай Васильевич,–,2020,,,
Коломиец Эмила Александровна,Д 215.002.04 (Закрыт с 15.04.2022),Клинико–социальные факторы психического здоровья лиц допризывного и призывного возраста с поражением центральной нервной системы в возрасте до трех лет,22.12.2020,14.01.06 – психиатрия,Косенко Виктор Григорьевич,–,2020,,,
Янковский Александр Вячеславович,07.2.002.06 (Д 215.002.14),Патогенетически обоснованное комплексное лечение диуретикорезистентного асцита при циррозе печени,23.12.2020,14.01.17 – хирургия; 14.01.20 – анестезиология и реаниматология,Ивануса Сергей Ярославович,Соколов Алексей Альбертович,2020,,,
Сазонов Алексей Андреевич,07.2.002.06 (Д 215.002.14),Персонифицированный подход к хирургическому лечению распространенных форм колоректального рака у пациентов пожилого и старческого возраста,23.12.2020,14.01.17 – хирургия; 14.01.12 – онкология,Майстренко Николай Анатольевич,Манихас Георгий Моисеевич,2020,,,
Исаченко Вадим Сергеевич,07.2.002.05 (Д 215.002.09),Методологический подход к коррекции нарушений мукоцилиарного клиренса слизистой оболочки в комплексном лечении патологии носа,25.12.2020,"14.01.03 – болезни уха, горла и носа",Дворянчиков Владимир Владимирович,–,2020,,,
Мальцев Дмитрий Сергеевич,07.2.002.05 (Д 215.002.09),Система неинвазивного мультимодального планирования навигационного лазерного лечения заболеваний сетчатки,25.12.2020,14.01.07 – глазные болезни,Куликов Алексей Николаевич,–,2020,,,
Щербакова Ксения Александровна,07.2.002.03 (Д 215.002.06),Взаимосвязь показателей структурно–функционального состояния миокарда и глазного дна при гипертонической болезни,18.01.2021,14.01.05 – кардиология,Барсуков Антон Владимирович,–,2021,,,
Лаврищева Юлия Владимировна,07.2.002.03 (Д 215.002.06),"Скрининг и диагностика саркопении у пациентов, получающих лечение хроническим гемодиализом",18.01.2021,14.01.04 – внутренние болезни,Бельских Андрей Николаевич,–,2021,,,
Хайтин Владимир Юрьевич,07.2.002.01 (Д 215.002.01),Оценка функционального состояния опорно–двигательного аппарата и лечение повреждений мышц у профессиональных футболистов,18.01.2021,"14.03.11 – восстановительная медицина, спортивная медицина, лечебная физкультура, курортология и физиотерапия",Матвеев Сергей Владимирович,–,2021,,,
Ершов Владимир Анатольевич,07.2.002.02 (Д 215.002.02),"Морфогенез цервикальной неоплазии, ассоциированной с вирусами папилломы человека высокого канцерогенного риска",25.01.2021,14.03.02 – патологическая анатомия; 14.01.12 – онкология,Чирский Вадим Семенович,Манихас Георгий Моисеевич,2021,,,
Бутрин Ярослав Любомирович,07.2.002.06 (Д 215.002.14),Лечебно–эвакуационная характеристика пострадавших с глубокими ожогами лица,08.02.2021,14.01.17 – хирургия,Чмырев Игорь Владимирович,–,2021,,,адъюнкт
Джинджихадзе Реваз Семёнович,Д 215.002.04 (Закрыт с 15.04.2022),Минимально инвазивные доступы в микрохирургии церебральных аневризм,09.02.2021,14.01.18 – нейрохирургия,Древаль Олег Николаевич,–,2021,,,
Пегашева Ирина Леонидовна,07.2.002.03 (Д 215.002.06)," Влияние факторов патогенности инфекции Нelicobacterpylori (Сag А, Vac А) на развитие предраковых изменений слизистой оболочки желудка у больных хроническим гастритом",15.02.2021,14.01.04 – внутренние болезни,Павлович Игорь Михайлович,–,2021,,,
Привалова Жанна Викторовна,07.2.002.05 (Д 215.002.09),Отолитиаз при слухоулучшающих операциях,15.02.2021,"14.01.03 – болезни уха, горла и носа",Пащинин Александр Николаевич,–,2021,,,
Прощай Галина Александровна,07.2.002.03 (Д 215.002.06),Преждевременное старение у мужчин с сахарным диабетом 2 типа и полиморбидной сердечно–сосудистой патологией,15.02.2021,"14.01.02 – эндокринология
14.01.05 – кардиология",Загарских Елена Юрьевна,Парцерняк Сергей Александрович,2021,,,
Кушнарев Сергей Владимирович,Д 215.002.11 (Закрыт с 12.10.2022),Магнитно–резонансная томография сердца с трехмерным моделированием при планировании пластики постинфарктных аневризм левого желудочка,19.02.2021,"14.01.13 – лучевая диагностики, лучевая терапия; 14.01.26 – сердечно–сосудистая хирургия",Железняк Игорь Сергеевич,Кравчук Вячеслав Николаевич,2021,,,
Завирский Александр Владимирович,Д 215.002.11 (Закрыт с 12.10.2022),Эффективность применения радиозащитных препаратов при комбинированном воздействии ионизирующим излучением и монооксидом углерода,19.02.2021,"03.01.01 – радиобиология, 14.03.04 – токсикология",Зацепин Виктор Викторович,Башарин Вадим Александрович,2021,,,
Климова Ольга Ивановна,07.2.002.01 (Д 215.002.01),Клинико–лабораторная характеристика инфекционных гемоколитов у детей,25.02.2021,14.01.09 – инфекционные болезни; 14.01.08 – педиатрия,Лобзин Юрий Владимирович,Гончар Наталья Васильевна,2021,,,
Лошенко Юрий Андреевич,07.2.002.06 (Д 215.002.14),Разработка обучающего комплекса по военно–полевой хирургии и хирургии повреждений с применением методов симуляционного обучения (экспериментальное исследование),01.03.2021,14.01.17 – хирургия,Самохвалов Игорь Маркеллович,–,2021,,,
Лакотко Роман Сергеевич,07.2.002.04 (Д 215.002.07) (Закрыт с 10.05.2024),"Профилактика воздушной эмболии у пациентов нейрохирургического профиля, оперируемых в положении сидя",02.03.2021,14.01.20 – анестезиология и реаниматология,Щеголев Алексей Валерианович,–,2021,,,
Касимова Алина Рашидовна,07.2.002.04 (Д 215.002.07) (Закрыт с 10.05.2024),Клинико – фармакологическое обоснование дифференцированного подхода к профилактике венозных тромбоэмболических осложнений у пациентов при плановом тотальном эндопротезировании тазобедренного или коленного сустава,02.03.2021,"14.03.06 – фармакология, клиническая фармакология 14.01.15 – травматология и ортопедия",Колбин Алексей Сергеевич,Божкова Светлана Анатольевна,2021,,,
Никашин Алексей Николаевич,07.2.002.03 (Д 215.002.06),"Состояние сердца и сосудов у военнослужащих – специалистов военно–морского флота в зависимости от полиморфизма генов, участвующих в синтезе и деградации коллагена (ген альфа – цепи коллагена 1 типа – COL1A1 и ген коллагеназы – 1 – MMP 1) и от расчетного биологического возраста при оценке сердечно–сосудистого риска",15.03.2021,14.01.05 – кардиология,Черкашин Дмитрий Викторович,–,2021,,,
Вакарева Виктория Викторовна,07.2.002.03 (Д 215.002.06),Функциональное состояние кардиоваскулярной системы у женщин после индукции суперовуляции при экстракорпоральном оплодотворении,15.03.2021,14.01.05 – кардиология,Авдеева Марина Владимировна,–,2021,,,
Быков Петр Михайлович,07.2.002.02 (Д 215.002.02),Половые и типовые особенности прижизненных морфометрических параметров брюшной аорты и ее непарных ветвей у взрослого человека,15.03.2021,"14.03.01 – Анатомия человека, 14.01.13 – Лучевая диагностика, лучевая терапия",Гайворонская Мария Георгиевна,Железняк Игорь Сергеевич,2021,,,
Шашков Владимир Андреевич,07.2.002.02 (Д 215.002.02),Особенности переломов нижней челюсти при различных вариантах ее строения и состоянии зубного ряда,15.03.2021,"14.03.01 – анатомия человека
14.01.14 – стоматология",Гайворонский Иван Васильевич,Гайворонская Мария Георгиевна,2021,,,
Бирюков Алексей Николаевич,07.2.002.04 (Д 215.002.07) (Закрыт с 10.05.2024),Варианты индукции общей анестезии при плановом абдоминальном родоразрешении,23.03.2021,14.01.20 – анестезиология и реаниматология,Климов Алексей Григорьевич,–,2021,,,
Казакова Елена Васильевна,07.2.002.04 (Д 215.002.07) (Закрыт с 10.05.2024),Мониторинг назначения и оптимизация использования лекарственных средств при реализации программ государственных гарантий (на примере Дальневосточного федерального округа),23.03.2021,"14.03.06 – фармакология, клиническая фармакология; 14.02.03 – общественное здоровье и здравоохранение",Слободенюк Елена Владимировна,Капитоненко Николай Алексеевич,2021,,,
Ривкина Наталья Михайловна,Д 215.002.04 (Закрыт с 15.04.2022),Групповая психосоциальная работа с семьями в системе комплексной помощи пациентам с первым психотическим эпизодом,23.03.2021,14.01.06 – психиатрия,Курасов Евгений Сергеевич,–,2021,,,
Тимофеев Евгений Владимирович,07.2.002.03 (Д 215.002.06),"Морфофункциональные особенности сердечно–сосудистой системы при наследственных нарушениях соединительной ткани, характеризующихся вовлечением костной системы",19.04.2021,14.01.05 – кардиология,Земцовский Эдуард Вениаминович,–,2021,,,
Сизенко Валерий Валерьевич,07.2.002.06 (Д 215.002.14),Вклад П.А. Куприянова в отечественную хирургию и развитие его идей в современных условиях,19.04.2021,14.01.17 – хирургия,Хубулава Геннадий Григорьевич,–,2021,,,
Рева Виктор Александрович,07.2.002.06 (Д 215.002.14),"Травмы и ранения кровеносных сосудов: открытые, эндоваскулярные и гибридные методы лечения",19.04.2021,14.01.17 – хирургия,Самохвалов Игорь Маркеллович,–,2021,,,
Мирзаева Людмила Мухтаровна,Д 215.002.04 (Закрыт с 15.04.2022),Клинико–неврологические особенности и эпидемиологические характеристики травматических повреждений спинного мозга в Санкт–Петербурге,20.04.2021,14.01.11 – нервные болезни,Лобзин Сергей Владимирович,–,2021,,,
Чалкова Эльмира Владимировна,Д 215.002.11 (Закрыт с 12.10.2022),Мультипараметрическая магнитно–резонансная томография при раке предстательной железы,23.04.2021,"14.01.13 – лучевая диагностика, лучевая терапия",Амосов Виктор Иванович,–,2021,,,
Рукавицын Антон Олегович,07.2.002.01 (Д 215.002.01),Поражения кожи при заболеваниях системы крови,27.04.2021,14.01.10 – кожные и венерические болезни,Самцов Алексей Викторович,–,2021,,,
Оганян Роберт Бдеевич,07.2.002.01 (Д 215.002.01),"Клинические и иммунологические аспекты инфекционного мононуклеоза, вызванного вирусом Эпштейна–Барр у взрослых",27.04.2021,"14.01.09 – инфекционные болезни, 14.03.09 – клиническая иммунология, аллергология",Суздальцев Алексей Александрович,Жестков Александр Викторович,2021,,,
Лысанюк Максим Викторович,07.2.002.06 (Д 215.002.14),Оптимизация диагностики и лечения нейроэндокринных опухолей желудочно–кишечного тракта и поджелудочной железы,17.05.2021,"14.01.17 – хирургия, 14.01.12 – онкология",Ромащенко Павел Николаевич ,Орлова Рашида Вахидовна,2021,,,
Михайличенко Анастасия Фаизовна,07.2.002.01 (Д 215.002.01),Т–клетки памяти в коже больных псориазом различной степени тяжести,17.05.2021,"14.01.10 – кожные и венерические болезни, 14.03.10 – клиническая лабораторная диагностика",Хайрутдинов Владислав Ринатович,Иванов Андрей Михайлович,2021,,,
Пашкин Алексей Юрьевич,07.2.002.01 (Д 215.002.01),Иммуногистохимическая оценка цитокинов семейства интерлейкина–36 в коже пациентов с бляшечным псориазом,17.05.2021,"14.01.10 – кожные и венерические болезни, 14.03.02 – патологическая анатомия",Хайрутдинов Владислав Ринатович,Белоусова Ирена Эдуардовна,2021,,,
Федорова Анна Станиславна,07.2.002.03 (Д 215.002.06),Оценка и прогностическое значение начальных нарушений углеводного и липидного обменов у мужчин с доклиническим атеросклерозом,17.05.2021,14.01.04 – внутренние болезни,Сердюков Дмитрий Юрьевич,–,2021,,,
Иванова Наталья Евгеньевна,07.2.002.04 (Д 215.002.07) (Закрыт с 10.05.2024),Использование препаратов на основе эритропоэтина в периоперационном периоде при малоинвазивном хирургическом лечении краниосиностозов у детей,25.05.2021,"14.01.20 – анестезиология и реаниматология, 14.03.06 – фармакология, клиническая фармакология",Щеголев Алексей Валерианович,Суфианова Галина Зиновьевна,2021,,,
Додонова Светлана Александровна,07.2.002.04 (Д 215.002.07) (Закрыт с 10.05.2024),Нейротропные эффекты фрагмента АКТГ6–9–PGP,25.05.2021,"14.03.06 – фармакология, клиническая фармакология",Бобынцев Игорь Иванович,–,2021,,,
Гарин Юрий Юрьевич,07.2.002.06 (Д 215.002.14),Эндоваскулярное лечение стенозов центральных вен у пациентов пожилого и старческого возраста на хроническом гемодиализе,31.05.2021,14.01.26 – сердечно–сосудистая хирургия; 14.01.30 – геронтология и гериатрия,Сухов Валентин Константинович,Козлов Кирилл Ленарович,2021,,,
Царгуш Вадим Андреевич,Д 215.002.11 (Закрыт с 12.10.2022),Магнитно–резонансная томография в диагностике поясно–конечностных мышечных дистрофий,04.06.2021,"14.01.13 – лучевая диагностика, лучевая терапия",Багненко Сергей Сергеевич,–,2021,,,
Колова Ирина Сергеевна,07.2.002.01 (Д 215.002.01),Генитальный герпес: клиническая характеристика и эффективность лечения,07.06.2021,14.01.10 – кожные и венерические болезни,Смирнова Ирина Олеговна,–,2021,,,
Вязовцев Павел Вячеславович,07.2.002.06 (Д 215.002.14),Оптимизация техники эндовидеохирургической внебрюшинной радикальной простатэктомии,15.06.2021,14.01.23 – урология,Попов Сергей Валерьевич,Алексеев Борис Яковлевич,2021,,,
Зайцев Илья Дмитриевич,Д 215.002.04 (Закрыт с 15.04.2022),Психопатологические особенности и социально–демографические характеристики больных с синдромом Жиля де ля Туретта,15.06.2021,14.01.06 – психиатрия,Софронов Александр Генрихович,–,2021,,,
Ахадов Руслан Ахадович,07.2.002.06 (Д 215.002.14),Комбинированное лечение варикозной болезни методом эндовазальной лазерной коагуляции в сочетании с операцией Троянова – Тренделенбурга,15.06.2021,14.01.26 – сердечно–сосудистая хирургия,Хубулава Геннадий Григорьевич,–,2021,,,
Константинова Анастасия Михайловна,07.2.002.02 (Д 215.002.02),Гистогенетическая концепция и классификация образований аногенитальных маммаро–подобных желез,21.06.2021,14.03.02 – Патологическая анатомия,Шелехова Ксения Владимировна,–,2021,,,
Мазнев Дмитрий Сергеевич,07.2.002.03 (Д 215.002.06),Прогностическое значение тромбаспирации у пациентов с острым коронарным синдромом с подъемом ST,21.06.2021,14.01.05 – кардиология,Болдуева Светлана Афанасьевна,–,2021,,,
Шорохова Полина Борисовна,07.2.002.03 (Д 215.002.06),"Влияние полиморфизмов генов KCNJ11, ABCC8 и TCF7L2 на фармакодинамику различных пероральных сахароснижающих препаратов у больных сахарным диабетом 2 типа",21.06.2021,14.01.02 – эндокринология,Баранов Виталий Леонидович,–,2021,,,
Семикова Галина Владимировна,07.2.002.03 (Д 215.002.06),Предикторы повторного набора массы тела у пациентов с ожирением после бариатрических операций,21.06.2021,14.01.02 – эндокринология,Волкова Анна Ральфовна,–,2021,,,
Сухарев Андрей Евгеньевич,07.2.002.06 (Д 215.002.14),Особенности коронарного шунтирования у пациентов с хронической сердечной недостаточностью ишемического генеза,28.06.2021,14.01.26 – сердечно–сосудистая хирургия,Кравчук Вячеслав Николаевич,–,2021,,,
Прядко Андрей Станиславович,07.2.002.06 (Д 215.002.14),Оптимизированные подходы в хирургическом лечении больных хроническим панкреатитом,28.06.2021,14.01.17 – хирургия;,Ромащенко Павел Николаевич ,–,2021,,,
Тягун Валерий Сергеевич,07.2.002.02 (Д 215.002.02),Анатомическое обоснование изолированной долевой перфузии печени при ее метастатическом поражении (экспериментально–морфологическое исследование),28.06.2021,"14.03.01 – анатомия человека, 14.01.17 – хирургия",Гайворонский Иван Васильевич,Суров Дмитрий Александрович,2021,,,
Тарбаев Иван Сергеевич,07.2.002.06 (Д 215.002.14),Обоснование применения протезов при хирургическом лечении гастроэзофагеальной рефлюксной болезни,20.09.2021,14.01.17 – хирургия,Василевский Дмитрий Игоревич,–,2021,,,
Капустин Евгений Викторович,07.2.002.02 (Д 215.002.02),Установление принадлежности частей тела одному человеку на основе дерматоглифического метода исследования,20.09.2021,14.03.05 – судебная медицина,Божченко Александр Петрович,–,2021,,,
Булыгин Максим Алексеевич,07.2.002.01 (Д 215.002.01),Клиническое и фармакоэкономическое обоснование диагностики и лечения ВИЧ–инфекции у военнослужащих ВС РФ,20.09.2021,14.01.09 – инфекционные болезни,Буланьков Юрий Иванович,–,2021,,,адъюнкт
Гришкина Анастасия Александровна,07.2.002.02 (Д 215.002.02),Морфофункциональные критерии эндометриальной дисфункции у женщин с первичным бесплодием при пролиферативных заболеваниях матки,20.09.2021,14.03.02 – патологическая анатомия,Чистякова Гузель Нуховна,–,2021,,,
Курганская Инга Геннадьевна,07.2.002.01 (Д 215.002.01),Высокоинтенсивная лазеротерапия пациентов с патологическими рубцами кожи,20.09.2021,"14.03.11 – восстановительная медицина, спортивная медицина, лечебная физкультура, курортология и физиотерапия 14.01.10 – кожные и венерические болезни.",Черкашина Ирина Викторовна,Ключарева Светлана Викторовна,2021,,,
Лобачев Александр Васильевич,Д 215.002.04 (Закрыт с 15.04.2022),Расстройства адаптации у военнослужащих (клинико–организационные проблемы),21.09.2021,14.01.06 – психиатрия,Шамрей Владислав Казимирович,–,2021,,,
Шевелев Павел Юрьевич,Д 215.002.04 (Закрыт с 15.04.2022),Совершенствование мониторинга течения сочетанной черепно–мозговой травмы,21.09.2021,14.01.18 – нейрохирургия,Бадалов Вадим Измайлович,–,2021,,,
Арутюнова Альбина Борисовна,07.2.002.04 (Д 215.002.07) (Закрыт с 10.05.2024),Оптимизация антибактериальной терапии внебольничной пневмонии у лиц пожилого и старческого возраста в аспектах фармакоэкономического анализа,21.09.2021,"14.03.06 – фармакология, клиническая фармакология",Крылов Илья Альбертович,–,2021,,,
Рязанова Оксана Владимировна,07.2.002.04 (Д 215.002.07) (Закрыт с 10.05.2024),Влияние анестезиологической стратегии при родоразрешении на развитие послеродовой депрессии,21.09.2021,14.01.20 – анестезиология и реаниматология,Александрович Юрий Станиславович,–,2021,,,
Емельянцев Александр Александрович,Д 215.002.11 (Закрыт с 12.10.2022),Возможности магнитно–резонансной томографии в диагностике рабдомиолиза,24.09.2021,"14.01.13 – лучевая диагностика, лучевая терапия",Железняк Игорь Сергеевич,–,2021,,,
Потапов Петр Кириллович,Д 215.002.11 (Закрыт с 12.10.2022),Поражение легких при интоксикации продуктами пиролиза хлорсодержащих полимерных материалов (экспериментальное исследование),24.09.2021,"14.03.04 – токсикология, 14.03.06 – фармакология, клиническая фармакология",Толкач Павел Геннадьевич,Башарин Вадим Александрович,2021,,,
Османов Камал Фахраддинович,Д 215.002.03 (Закрыт с 15.07.2022),Патогенетическое обоснование применения низкотемпературной плазмы для лечения ожогов,28.09.2021,14.03.03 – патологическая физиология; 14.01.17 – хирургия,Зиновьев Евгений Владимирович,Богданов Сергей Борисович,2021,,,
Гончаров Алексей Викторович,07.2.002.06 (Д 215.002.14),Оказание хирургической помощи раненым в военных конфликтах,18.10.2021,14.01.17 – хирургия,Самохвалов Игорь Маркеллович,–,2021,,,
Пузаков Никита Сергеевич,Д 215.002.04 (Закрыт с 15.04.2022),Кисты хиазмально–селлярной области: алгоритм диагностики и лечения,19.10.2021,14.01.18 – нейрохирургия,Черебилло Владислав Юрьевич,–,2021,,,
Гемуа Инал Ардонбеевич,07.2.002.04 (Д 215.002.07) (Закрыт с 10.05.2024),Сравнительная характеристика локальной токсичности современных местных анестетиков при проведении регионарной анестезии,19.10.2021,14.01.20 – анестезиология и реаниматология,Лахин Роман Евгеньевич,–,2021,,,адъюнкт
Нуриманшин Алмаз Флюсович,07.2.002.04 (Д 215.002.07) (Закрыт с 10.05.2024),Обоснование метода анестезиологического обеспечения у пациентов со стенотическим поражением сонных артерий,19.10.2021,14.01.20 – анестезиология и реаниматология,Богданов Ринат Радикович,–,2021,,,
Гончаров Максим Юрьевич,Д 215.002.04 (Закрыт с 15.04.2022),Совершенствование хирургического лечения неспецифических инфекционно–воспалительных заболеваний позвоночника,19.10.2021,14.01.18 – нейрохирургия 14.01.17 – хирургия,Мануковский Вадим Анатольевич,Левчик Евгений Юрьевич,2021,,,
Кленков Ильяс Рифатьевич,Д 215.002.03 (Закрыт с 15.07.2022),Физиологическое обоснование повышения устойчивости организма человека к действию высоких парциальных давлений азота,16.11.2021,"14.03.08 – авиационная, космическая и морская медицина",Зверев Дмитрий Павлович,–,2021,,,
Руденко Екатерина Алексеевна,Д 215.002.03 (Закрыт с 15.07.2022),Особенности центральной и периферической гемодинамики при моделировании гипогравитации в наземных условиях,16.11.2021,"14.03.08 – авиационная, космическая и морская медицина",Баранов Михаил Викторович,–,2021,,,
Шарабханов Валериан Валерьевич,07.2.002.01 (Д 215.002.01),Клинико–лабораторная и эпидемиологическая характеристика менингококковой инфекции у военнослужащих ВС РФ,23.11.2021,14.01.09 – инфекционные болезни,Жданов Константин Валерьевич,–,2021,,,
Кушнарев Владимир Андреевич,07.2.002.02 (Д 215.002.02),Исследование воспроизводимости оценки рецепторов стероидных гормонов и индекса Ki67 в инвазивных карциномах молочной железы и ее клиническое значение,13.12.2021,"14.03.02 – патологическая анатомия, 14.01.12 – онкология",Кудайбергенова Асель Галимовна,Криворотько Петр Владимирович,2021,,,
Гаврилов Евгений Константинович,07.2.002.06 (Д 215.002.14),Диагностика и хирургическое лечение эмболоопасных тромбозов магистральных вен системы нижней полой вены и их последствий,24.01.2022,3.1.15. – сердечно–сосудистая хирургия,Хубулава Геннадий Григорьевич,–,2022,,,
Белов Дмитрий Федорович,07.2.002.05 (Д 215.002.09),Влияние медикаментозного и хирургического лечения глаукомы на биометрические параметры глаза и точность расчета ИОЛ,24.01.2022,3.1.5. – офтальмология,Николаенко Вадим Петрович,–,2022,,,
Фалеева Татьяна Георгиевна,07.2.002.02 (Д 215.002.02),Молекулярно–генетическая идентификация потожировых следов в отпечатках пальцев на коже человека,24.01.2022,3.3.5. – судебная медицина 1.5.7. – генетика,Иванов Игорь Николаевич,Корниенко Игорь Валериевич,2022,,,
Сиренко Никита Вячеславович,07.2.002.05 (Д 215.002.09),Паратонзиллярные абсцессы в детском возрасте. Клинико–микробиологические особенности,24.01.2022,3.1.3. – оториноларингология,Артюшкин Сергей Анатольевич,–,2022,,,
Малафеева Анна Юрьевна,07.2.002.05 (Д 215.002.09),Экспериментальное обоснование применения оригинального двухкомпонентного аутофибринового клея в хирургии роговичной поверхности,24.01.2022,3.1.5. – офтальмология,Чурашов Сергей Викторович,–,2022,,,
Вертий Александр Борисович,07.2.002.06 (Д 215.002.14),Разработка и экспериментальная оценка эффективности перспективных средств для оказания медицинской помощи раненным в грудь в остром периоде травматической болезни,24.01.2022,3.1.9. Хирургия,Головко Константин Петрович,–,2022,,,
Реброва Светлана Александровна,07.2.002.04 (Д 215.002.07) (Закрыт с 10.05.2024),Клиническая характеристика маркеров воспаления дыхательных путей при бронхиальной астме и аллергическом рините,25.01.2022,3.1.29. – пульмонология,Емельянов Александр Викторович,–,2022,,,
Арсентьев Леонид Вадимович,07.2.002.04 (Д 215.002.07) (Закрыт с 10.05.2024),Применение надгортанных воздуховодов при лапароскопических вмешательствах,25.01.2022,3.1.12. – анестезиология и реаниматология,Щеголев Алексей Валерианович,–,2022,,,адъюнкт
Кудряшов Владислав Сергеевич,Д 215.002.03 (Закрыт с 15.07.2022),Механизмы нарушения работоспособности при максимальных физических нагрузках и их патогенетическая коррекция дистантным прекондиционированием (экспериментальное исследование),25.01.2022,14.03.03 – патологическая физиология,Цыган Василий Николаевич,–,2022,,,
Винницкий Денис Андреевич,07.2.002.05 (Д 215.002.09),Хирургическая реабилитация пациентов с катарактой с имплантацией трифокальной и бифокальной интраокулярной линзы,31.01.2022,3.1.5. Офтальмология,Бойко Эрнест Витальевич,–,2022,,,
Святненко Андрей Владимирович,07.2.002.06 (Д 215.002.14),Антеградная декомпрессия билиарного тракта у больных острым холангитом,07.02.2022,3.1.9. – хирургия,Суров Дмитрий Александрович,–,2022,,,
Козяев Василий Алексеевич,07.2.002.06 (Д 215.002.14),Разработка тактики хирургического лечения комбинированных радиационно–термических поражений (экспериментальное исследование),07.02.2022,3.1.9. Хирургия 1.5.1. Радиобиология,Чмырев Игорь Владимирович,Селезнев Алексей Борисович,2022,,,
Платонова Анна Вячеславовна,07.2.002.01 (Д 215.002.01),"Псориатическая ониходистрофия: эпидемиология, клинико–лабораторная диагностика, лечение",14.02.2022,3.1.23. Дерматовенерология,Хайрутдинов Владислав Ринатович,–,2022,,,
Дзанкисов Руслан Артурович,Д 215.002.03 (Закрыт с 15.07.2022),Влияние индивидуальных психологических особенностей личности на переносимость гипобарической гипоксии,15.02.2022,"14.03.08 – авиационная, космическая и морская медицина",Благинин Андрей Александрович,–,2022,кандидат медицинских наук,,
Натуральников Илья Олегович,Д 215.002.03 (Закрыт с 15.07.2022),Психофизиологические особенности восприятия информации при формировании образа полета летчика,15.02.2022,"14.03.08 – авиационная, космическая и морская медицина",Благинин Андрей Александрович,–,2022,,,
Гальковский Борис Эдуардович,07.2.002.02 (Д 215.002.02),Патоморфологическое исследование глиобластомы для оценки прогноза и выбора таргетной терапии,21.02.2022,14.03.02 – патологическая анатомия,Митрофанова Любовь Борисовна,–,2022,,,
Перминова Анастасия Аркадьевна,07.2.002.02 (Д 215.002.02),Сравнительное морфологическое исследование различных форм врожденного гиперинсулинизма у детей,21.02.2022,3.3.2. Патологическая анатомия,Митрофанова Любовь Борисовна,–,2022,кандидат медицинских наук,,
Светликов Алексей Владимирович,07.2.002.06 (Д 215.002.14),Аневризмы брюшной аорты: концептуальный подход к инвазивным вмешательствам,14.03.2022,3.1.15. Сердечно–сосудистая хирургия,Хубулава Геннадий Григорьевич,–,2022,,,
Гилифанов Евгений Альбертович,07.2.002.05 (Д 215.002.09),Клиническая и морфофункциональная взаимосвязь патологии ЛОР органов и дыхательных путей при табакокурении и хронической обструктивной болезни легких,14.03.2022,3.1.3. Оториноларингология 3.1.29. Пульмонология,Артюшкин Сергей Анатольевич,Невзорова Вера Афанасьевна,2022,,,
Аксенова Светлана Алексеевна,07.2.002.06 (Д 215.002.14),Особенности иммунологического ответа при фациальной аллотрансплантации полнослойного кожного лоскута различной площади (экспериментальное исследование),14.03.2022,3.1.9. Хирургия 3.2.7. Аллергология и иммунология,Волох Мария Александровна,Лила Александр Михайлович,2022,,,
Задворьев Сергей Федорович,07.2.002.01 (Д 215.002.01),Клинико–прогностическое значение морфологических и функциональных изменений миокарда у высококвалифицированных спортсменов,14.03.2022,"3.1.33. Восстановительная медицина, спортивная медицина, лечебная физкультура, курортология и физиотерапия 3.1.20. Кардиология",Крысюк Олег Богданович,Обрезан Андрей Григорьевич,2022,кандидат медицинских наук,,
Марченкова Мария Ивановна,07.2.002.01 (Д 215.002.01),Узкополосное оптическое излучение длиной волны 650 нм и электрофорез меди в комплексном лечении подростков с недифференцированными дисплазиями соединительной ткани,14.03.2022,"3.1.33. Восстановительная медицина, спортивная медицина, лечебная физкультура, курортология и физиотерапия",Кирьянова Вера Васильевна,–,2022,кандидат медицинских наук,,
Кривохатько Антон Александрович,07.2.002.02 (Д 215.002.02),"Судебно–медицинская экспертиза повреждений, возникающих при сексуальном насилии в отношении детей женского пола",21.03.2022,14.03.05 – судебная медицина,Теньков Александр Афанасьевич,–,2022,кандидат медицинских наук,,
Лаврукова Ольга Сергеевна,07.2.002.02 (Д 215.002.02),Комплексная микробно–зоологическая характеристика постмортального периода при производстве судебно–медицинской экспертизы,21.03.2022,14.03.05 – судебная медицина,Толмачев Игорь Анатольевич,–,2022,доктор медицинских наук,,
Мокренко Евгений Владимирович,07.2.002.04 (Д 215.002.07) (Закрыт с 10.05.2024),Молекулярная фармакология иммуномодуляторов при воспалении,22.03.2022,"3.3.6. Фармакология, клиническая фармакология",Шабанов Петр Дмитриевич,–,2022,,,
Чеботарь Антон Викторович,07.2.002.06 (Д 215.002.14),Диагностика и профилактика инфекционных осложнений острого панкреатита,04.04.2022,3.1.9. Хирургия,Лазуткин Максим Витальевич,–,2022,,,
Карабак Ирина Александровна,07.2.002.02 (Д 215.002.02),Иммуноморфологическая характеристика фиброгенеза в печени при естественном течении хронического гепатита С,11.04.2022,3.3.2. Патологическая анатомия,Карев Вадим Евгеньевич,–,2022,кандидат медицинских наук,,
Константинов Алексей Сергеевич,07.2.002.02 (Д 215.002.02),Прогнозирование отдалённых метастазов при локализованных формах колоректального рака,11.04.2022,3.3.2. Патологическая анатомия,Шелехова Ксения Владимировна,–,2022,кандидат медицинских наук,,
Алексеева Екатерина Олеговна,07.2.002.05 (Д 215.002.09),Клиническое обоснование комплекса мероприятий профилактики стоматологических заболеваний у детей с нарушениями психического здоровья,18.04.2022,3.1.7. Стоматология,Ковалевский Александр Мечиславович,–,2022,кандидат медицинских наук,,
Шелиховская Мария Алексеевна,07.2.002.05 (Д 215.002.09),Хирургическое лечение дефектов перегородки носа с применением аллогенных трансплантационных материалов,18.04.2022,3.1.3. Оториноларингология,Сыроежкин Фёдор Анатольевич,–,2022,кандидат медицинских наук,,
Скороход Ксения Владимировна,07.2.002.04 (Д 215.002.07) (Закрыт с 10.05.2024),Влияние ингаляционных анестетиков на функцию печени больных с токсическими и вирусными гепатитами при торакальных операциях во фтизиатрии,19.04.2022,3.1.12. Анестезиология и реаниматология,Волчков Владимир Анатольевич,–,2022,кандидат медицинских наук,,
Партави Мухиддин Самадзода,07.2.002.04 (Д 215.002.07) (Закрыт с 10.05.2024),"Особенности течения и лечения бронхиальной астмы, сочетающейся с гипертонической болезнью",19.04.2022,3.1.29. Пульмонология,Емельянов Александр Викторович,–,2022,кандидат медицинских наук,,
Садовой Сергей Валериевич,07.2.002.06 (Д 215.002.14),"Хирургическое лечение массивной тромбоэмболии лёгочной артерии: показания, хирургическая техника, хирургическая профилактика, отдаленные результаты",16.05.2022,3.1.15. Сердечно–сосудистая хирургия,Хубулава Геннадий Григорьевич,–,2022,кандидат медицинских наук,,
Кириченко Олег Анатольевич,07.2.002.06 (Д 215.002.14),Осложнения радикальной цистэктомии,16.05.2022,3.1.13. Урология и андрология,Комяков Борис Кириллович,Матвеев Всеволод Борисович,2022,кандидат медицинских наук,,
Ковалев Глеб Валерьевич,07.2.002.02 (Д 215.002.02),Анатомическое обоснование эффективной и безопасной имплантации трансобтураторного субуретрального слинга при стрессовом недержании мочи у женщин,16.05.2022,"3.3.1. Анатомия человека, 3.1.13. Урология и андрология",Гайворонский Иван Васильевич,Шкарупа Дмитрий Дмитриевич,2022,кандидат медицинских наук,,
Садыков Аслан Игоревич,07.2.002.02 (Д 215.002.02),Клинико–морфологические и дифференциально–диагностические особенности красного плоского лишая и лихеноидной реакции кожи,16.05.2022,3.3.2. Патологическая анатомия; 3.1.23. Дерматовенерология,Сыдиков Акмал Абдикахарович,Засланский Денис Владимирович,2022,кандидат медицинских наук,,
Патрушев Александр Владимирович,07.2.002.01 (Д 215.002.01),"Иммуновоспалительные дерматозы: особенности патогенеза и терапии, связанные с влиянием очагов хронической инфекции",23.05.2022,3.1.23. Дерматовенерология,Самцов Алексей Викторович,–,2022,доктор медицинских наук,,
Черняева Екатерина Валерьевна,07.2.002.01 (Д 215.002.01),Терапевтическая эффективность ингибитора интерлейкина–17А нетакимаба в лечении бляшечного псориаза,23.05.2022,3.1.23. Дерматовенерология,Хайрутдинов Владислав Ринатович,–,2022,кандидат медицинских наук,,
Харчилава Майя Гиоргиевна,07.2.002.01 (Д 215.002.01),Фракционный фототермолиз в терапии кольцевидной гранулемы,23.05.2022,3.1.23. Дерматовенерология 3.3.2. Патологическая анатомия,Хайрутдинов Владислав Ринатович,Белоусова Ирена Эдуардовна,2022,кандидат медицинских наук,,
Тихоновская Ирина Александровна,07.2.002.05 (Д 215.002.09),Варианты периметрии с удвоением пространственной частоты в диагностике некоторых оптиконейропатий,27.05.2022,3.1.5. Офтальмология,Симакова Ирина Леонидовна,–,2022,кандидат медицинских наук,,
Бурнашева Мария Андреевна,07.2.002.05 (Д 215.002.09),Глубокая ретинальная ишемия в диагностике и прогнозировании сосудистой патологии,27.05.2022,3.1.5. Офтальмология,Мальцев Дмитрий Сергеевич,–,2022,кандидат медицинских наук,,
Кажанов Игорь Владимирович,07.2.002.06 (Д 215.002.14),Диагностика и хирургическое лечение сочетанных повреждений таза в условиях травматологического центра первого уровня,06.06.2022,"3.1.9. Хирургия, 3.1.8. Травматология и ортопедия",Мануковский Вадим Анатольевич,Самохвалов Игорь Маркеллович,2022,доктор медицинских наук,,
Харакозов Александр Сергеевич,07.2.002.05 (Д 215.002.09),Влияние пандемии COVID–19 на ведение пациентов с влажной формой возрастной макулярной дегенерации,27.06.2022,3.1.5. Офтальмология,Куликов Алексей Николаевич,–,2022,кандидат медицинских наук,,
Пешехонов Кирилл Сергеевич,07.2.002.06 (Д 215.002.14),Выбор оптимального метода лечения гиперплазии предстательной железы у мужчин пожилого возраста,12.09.2022,3.1.13. Урология и андрология,Шпиленя Евгений Семенович,–,2022,кандидат медицинских наук,,
Пелешок Андрей Степанович,07.2.002.06 (Д 215.002.14),Хирургическое лечение острой патологии грудной аорты,12.09.2022,3.1.15. Сердечно–сосудистая хирургия,Хубулава Геннадий Григорьевич,–,2022,доктор медицинских наук,,
Качнов Василий Александрович,07.2.002.03 (Д 215.002.06),Внезапная сердечная смерть у лиц молодого и среднего возраста: состояние проблемы и формирование комплексного подхода в ее профилактике,19.09.2022,3.1.20. Кардиология,Тыренко Вадим Витальевич,–,2022,доктор медицинских наук,,
Рожков Денис Евгеньевич,07.2.002.03 (Д 215.002.06),Оценка эффективности гиполипидемической терапии и возможностей для ее оптимизации у пациентов с очень высоким риском сердечно–сосудистых заболеваний,19.09.2022,3.1.20. Кардиология,Тыренко Вадим Витальевич,–,2022,кандидат медицинских наук,,
Гусарина Елена Ивановна,07.2.002.05 (Д 215.002.09),Диагностика и лечение заболеваний пародонта у пациентов с зубочелюстными аномалиями (клинико–лучевое исследование),19.09.2022,3.1.7. Стоматология 3.1.25. Лучевая диагностика,Бородулина Ирина Ивановна,Зубарева Анна Анатольевна,2022,кандидат медицинских наук,,
Трухан Алексей Петрович,07.2.002.06 (Д 215.002.14),"Огнестрельные ранения и взрывная травма мирного времени. Особенности, организация и оказание хирургической помощи (клинико–экспериментальное исследование)",19.09.2022,3.1.9. Хирургия,Самохвалов Игорь Маркеллович,–,2022,доктор медицинских наук,,
Яковлева Виктория Алексеевна,07.2.002.07,Послеоперационная мозговая дисфункция при хирургическом лечении злокачественных новообразований груди и живота,20.09.2022,3.1.24. Неврология,Цыган Николай Васильевич,–,2022,кандидат медицинских наук,,
Нажмудинов Рамазан Загиргаджиевич,07.2.002.07,Прогностическая значимость клинико–электрофизиологических предикторов эффективности консервативной терапии синдрома карпального канала,20.09.2022,3.1.24. Неврология,Литвиненко Игорь Вячеславович,–,2022,кандидат медицинских наук,,
Рутковская Наталья Сергеевна,07.2.002.07,Особенности раннего постсуицидального периода у пациентов психиатрического стационара,20.09.2022,3.1.17. Психиатрия и наркология,Шамрей Владислав Казимирович,–,2022,кандидат медицинских наук,,
Базаров Иван Сергеевич,07.2.002.02 (Д 215.002.02),Анатомическое обоснование реконструктивно–пластических операций при повреждении малоберцовой коллатеральной связки коленного сустава,26.09.2022,"3.3.1. Анатомия человека, 3.1.8. Травматология и ортопедия",Гайворонский Иван Васильевич,Кудяшев Алексей Леонидович,2022,кандидат медицинских наук,,
Павлов Антон Леонидович,07.2.002.06 (Д 215.002.14),Значение цитокинов в диагностике пиелонефритов и циститов,03.10.2022,3.1.13. Урология и андрология,Кореньков Дмитрий Георгиевич,–,2022,кандидат медицинских наук,,
Паронников Михаил Валериевич,07.2.002.06 (Д 215.002.14),Обоснование системы медицинской помощи пациентам с мочекаменной болезнью в Вооруженных Силах Российской Федерации,03.10.2022,"3.1.13. Урология и андрология 3.2.3. Общественное здоровье и организация здравоохранения, социология и история медицины",Протощак Владимир Владимирович,Крюков Евгений Владимирович,2022,доктор медицинских наук,,
Бычков Евгений Рудольфович,07.2.002.04 (Д 215.002.07) (Закрыт с 10.05.2024),Молекулярная фармакология противопаркинсонических средств,04.10.2022,"3.3.6. Фармакология, клиническая фармакология",Шабанов Петр Дмитриевич,–,2022,доктор медицинских наук,,
Магаррамова Лейла Араслан кызы,07.2.002.04 (Д 215.002.07) (Закрыт с 10.05.2024),Экспериментальное изучение эмоциогенных эффектов пептидов группы кисспептина,04.10.2022,"3.3.6. Фармакология, клиническая фармакология",Шабанов Петр Дмитриевич,–,2022,кандидат медицинских наук,,
Туктаров Артур Марсович,07.2.002.03 (Д 215.002.06),Роль маркеров артериальной жесткости в оценке раннего сосудистого старения у пациентов с низким и умеренным сердечно–сосудистым риском,17.10.2022,3.1.20. Кардиология,Филиппов Александр Евгеньевич,–,2022,кандидат медицинских наук,,
Чугунов Александр Алексеевич,07.2.002.03 (Д 215.002.06),Влияние глюкокортикоидов на течение коронавирусных пневмоний (СOVID–19) и содержание в крови постинфекционных нейтрализующих IgG–антител,17.10.2022,3.1.18. Внутренние болезни,Салухов Владимир Владимирович,–,2022,кандидат медицинских наук,,
Спицын Максим Игоревич,07.2.002.07,Навигационные технологии в лечении пострадавших с тяжелой сочетанной нейротравмой,18.10.2022,3.1.10. Нейрохирургия 3.1.9. Хирургия,Мартынов Борис Владимирович,Бадалов Вадим Измайлович,2022,кандидат медицинских наук,,
Кашин Василий Андреевич,07.2.002.07,Транспедикулярная имплантация винтов в шейном отделе позвоночника с помощью индивидуальных навигационных 3D–матриц,18.10.2022,3.1.10. Нейрохирургия,Черебилло Владислав Юрьевич,–,2022,кандидат медицинских наук,,
Афендиков Николай Викторович,07.2.002.03 (Д 215.002.06),Особенности атеросклеротического поражения коронарных артерий и продольной деформации миокарда левого желудочка у пациентов со стабильным и нестабильным течением ишемической болезни сердца,14.11.2022,3.1.20. Кардиология,Кучмин Алексей Николаевич,–,2022,кандидат медицинских наук,,адъюнкт
Ратникова Анна Константиновна,07.2.002.03 (Д 215.002.06),"Гастроэнтерологические проявления у пациентов с новой коронавирусной инфекцией COVID–19. Особенности клинической картины, диагностики и лечения",14.11.2022,3.1.18. Внутренние болезни 3.1.22. Инфекционные болезни,Гриневич Владимир Борисович,Козлов Константин Вадимович,2022,кандидат медицинских наук,,
Чернов Вячеслав Сергеевич,07.2.002.01 (Д 215.002.01),Клинико–лабораторная и эпидемиологическая характеристика хронического гепатита С у женщин молодого возраста,21.11.2022,3.1.22. Инфекционные болезни,Козлов Константин Вадимович,–,2022,кандидат медицинских наук,,
Мухтаров Руслан Маратович,07.2.002.01 (Д 215.002.01),Клинико–экспериментальное обоснование диагностики и лечения печеночной энцефалопатии у больных хроническим вирусным гепатитом С,21.11.2022,3.1.22. Инфекционные болезни,Жданов Константин Валерьевич,–,2022,кандидат медицинских наук,,
Стулова Мария Владимировна,07.2.002.01 (Д 215.002.01),Клинико–лабораторные и инструментальные особенности у больных геморрагической лихорадкой с почечным синдромом при формировании хронической болезни почек,21.11.2022,3.1.22. Инфекционные болезни,Константинов Дмитрий Юрьевич,–,2022,кандидат медицинских наук,,
Захарова Оксана Валерьевна,07.2.002.07,"Биопсихосоциальный анализ психических расстройств у заемщиков кредитов, обратившихся за психиатрической помощью",29.11.2022,3.1.17. Психиатрия и наркология,Карпов Анатолий Михайлович,–,2022,кандидат медицинских наук,,
Подсвиров Виктор Иванович,07.2.002.05 (Д 215.002.09),Исследование функциональной активности небных миндалин у больных хроническим тонзиллитом и острым аппендицитом,12.12.2022,3.1.3. Оториноларингология,Миронов Василий Геннадьевич,–,2022,кандидат медицинских наук,,
Гришин Максим Сергеевич,07.2.002.06 (Д 215.002.14),Обоснование применения местного гемостатического средства на основе хитозана и внешней компрессии для остановки внутрибрюшного кровотечения (экспериментальное исследование),12.12.2022,3.1.9. Хирургия,Самохвалов Игорь Маркеллович,–,2022,кандидат медицинских наук,,адъюнкт
Жевлаков Андрей Андреевич,07.2.002.05 (Д 215.002.09),Диагностика и лечение парадентальной кисты,12.12.2022,3.1.7. Стоматология,Бородулина Ирина Ивановна,–,2022,кандидат медицинских наук,,
Кузнецов Андрей Игоревич,07.2.002.06 (Д 215.002.14),Выбор оптимального варианта устранения механической желтухи опухолевого генеза,12.12.2022,3.1.9. Хирургия,Ромащенко Павел Николаевич,–,2022,кандидат медицинских наук,,
Туранов Олег Александрович,07.2.002.02 (Д 215.002.02),Оптимизация постмортального определения ведущей руки с использованием отдельных прижизненных параметров стоматологического статуса,12.12.2022,3.3.5. Судебная медицина 3.1.7. Стоматология,Авходиев Газиз Ибрагимович,Писаревский Юрий Леонидович,2022,кандидат медицинских наук,,
Нефедова Елена Олеговна,07.2.002.01 (Д 215.002.01),Медицинская реабилитация больных ишемической болезнью сердца с ампутацией нижних конечностей,12.12.2022,"3.1.33. Восстановительная медицина, спортивная медицина, лечебная физкультура, курортология и физиотерапия 3.1.18. Внутренние болезни",Пономаренко Геннадий Николаевич,Кантемирова Раиса Кантемировна,2022,кандидат медицинских наук,,
Новикова Анастасия Федоровна,07.2.002.01 (Д 215.002.01),Патогенетические особенности формирования и прогнозирования метаболического синдрома у больных хроническим гепатитом С,12.12.2022,3.1.22. Инфекционные болезни,Константинов Дмитрий Юрьевич,–,2022,кандидат медицинских наук,,
Евсикова Ирина Александровна,07.2.002.03 (Д 215.002.06),Структурно–функциональная характеристика миокарда и показатели легочной гипертензии у лиц молодого возраста при саркоидозе,20.12.2022,3.1.18. Внутренние болезни,Бартош–Зеленая Светлана Юрьевна,–,2022,кандидат медицинских наук,,
Мирзаметов Саидмирзе Джамирзоевич,07.2.002.07,Неудовлетворительные исходы микрохирургической и эндоскопической поясничной дискэктомии: анализ причин и прогноз,20.12.2022,3.1.10. Нейрохирургия,Орлов Владимир Петрович,–,2022,кандидат медицинских наук,,
Иволгин Александр Федорович,07.2.002.07,Особенности послеоперационной мозговой дисфункции при каротидной эндартерэктомии,20.12.2022,3.1.24. Неврология,Литвиненко Игорь Вячеславович,–,2022,кандидат медицинских наук,,
Петранков Кирилл Владимирович,07.2.002.03 (Д 215.002.06),Прогностические критерии развития сахарного диабета 2 типа у военнослужащих,20.12.2022,3.1.19. Эндокринология,Салухов Владимир Владимирович,,2022,кандидат медицинских наук,,
Барсукова Дарья Николаевна,07.2.002.01 (Д 215.002.01),"Клинико–эпидемиологические и патогенетические аспекты инфекций, экологически связанных с иксодовыми клещами",16.01.2023,3.1.22. Инфекционные болезни,Конькова–Рейдман Алена Борисовна,–,2023,кандидат медицинских наук,,
Мальцев Иван Сергеевич,07.2.002.01 (Д 215.002.01),Медицинская реабилитация пациентов со спинальной мышечной атрофией,16.01.2023,"3.1.33. Восстановительная медицина, спортивная медицина, лечебная физкультура, курортология и физиотерапия 3.1.8. Травматология и ортопедия",Пономаренко Геннадий Николаевич,Кольцов Андрей Анатольевич,2023,кандидат медицинских наук,,
Курнухина Мария Юрьевна,07.2.002.07,Влияние оперативного лечения на качество жизни и интеллектуально–мнестическую функцию больных с новообразованиями головного мозга,17.01.2023,3.1.10. Нейрохирургия,Черебилло Владислав Юрьевич,–,2023,кандидат медицинских наук,,
Парцерняк Александр Сергеевич,07.2.002.08,Преждевременное старение у лиц с полиморбидной сердечно–сосудистой патологией: патогенетические и клинические аспекты,14.02.2023,3.3.3. Патологическая физиология 3.1.18. Внутренние болезни,Цыган Василий Николаевич,Крюков Евгений Владимирович,2023,доктор медицинских наук,,
Горнов Виталий Валерьевич,07.2.002.08,"Факторы риска развития гипертонической болезни у лётного состава Воздушно–космических сил России, её ранняя диагностика и профилактика",14.02.2023,"3.3.7.Авиационная, космическая и морская медицина 3.1.20. Кардиология",Благинин Андрей Александрович,Макиев Руслан Гайозович,2023,кандидат медицинских наук,,
Ермилова Евгения Валерьевна,07.2.002.08,Клинико–патофизиологическая характеристика реабилитации после эндопротезирования молочных желез,14.03.2023,3.3.3. Патологическая физиология,Зиновьев Евгений Владимирович,–,2023,кандидат медицинских наук,,
Успенская Юлия Константиновна,07.2.002.01 (Д 215.002.01),Персонализация методов лечебной физкультуры в медицинской реабилитации детей раннего возраста с муковисцидозом,20.03.2023,"3.1.33. Восстановительная медицина, спортивная медицина, лечебная физкультура, курортология и физиотерапия",Матвеев Сергей Владимирович,–,2023,кандидат медицинских наук,,
Шихвердиев Низам Назимович,07.2.002.03 (Д 215.002.06),Особенности оценки хронической сердечной недостаточности в отдаленном периоде протезирования аортального клапана по поводу аортального стеноза,20.03.2023,3.1.18. Внутренние болезни,Гордиенко Александр Волеславович,–,2023,кандидат медицинских наук,,
Адаменко Валерий Николаевич,07.2.002.06 (Д 215.002.14),Разработка средств для устранения последствий ранения живота с эвентрацией и алгоритмов их применения (клинико–экспериментальное исследование),27.03.2023,3.1.9. Хирургия,Головко Константин Петрович,–,2023,кандидат медицинских наук,,
Жилин Андрей Андреевич,07.2.002.08,Патофизиологическое обоснование выбора методов местного лечения дермальных ожоговых поражений,11.04.2023,3.3.3. Патологическая физиология 3.1.9. Хирургия,Зиновьев Евгений Владимирович,Крайнюков Павел Евгеньевич,2023,кандидат медицинских наук,,
Резник Виталий Анатольевич,07.2.002.08,"Клинико–патофизиологическая характеристика, прогнозирование, ранняя диагностика и лечение преэклампсии",11.04.2023,"3.3.3. Патологическая физиология, 3.1.4. Акушерство и гинекология",Багров Алексей Яковлевич,Тапильская Наталья Игоревна,2023,доктор медицинских наук,,
Кадырлеев Роман Андреевич,07.2.002.10,Возможности мультипараметрического ультразвукового исследования в диагностике образований почек,14.04.2023,3.1.25. Лучевая диагностика,Багненко Сергей Сергеевич,–,2023,кандидат медицинских наук,,
Жирков Игорь Иванович,07.2.002.03 (Д 215.002.06),Хронические диффузные заболевания печени невирусной этиологии у военнослужащих,17.04.2023,3.1.18. Внутренние болезни,Гордиенко Александр Волеславович,–,2023,доктор медицинских наук,,
Абрамова Инна Михайловна,07.2.002.03 (Д 215.002.06),Особенности тиреоидного статуса у пациентов с хронической болезнью почек,17.04.2023,3.1.19. Эндокринология,Волкова Анна Ральфовна,–,2023,кандидат медицинских наук,,
Коцоева Оланна Таймуразовна,07.2.002.03 (Д 215.002.06),"Отдаленные результаты медикаментозного и хирургического лечения пациентов с тяжелой хронической сердечной недостаточностью, принципы алгоритмизированного выбора терапии",15.05.2023,3.1.20. Кардиология,Тыренко Вадим Витальевич,–,2023,доктор медицинских наук,,
Рыжова Дарья Валерьевна,07.2.002.05 (Д 215.002.09),Клиническое обоснование применения оптических средств в стоматологической практике,15.05.2023,3.1.7. Стоматология,Фадеев Роман Александрович,–,2023,кандидат медицинских наук,,
Шиманьски Даниэль Анджеевич,07.2.002.03 (Д 215.002.06),Вазомоторная дисфункция и маркеры повреждения гликокаликса эндотелия при ревматоидном артрите,15.05.2023,3.1.18. Внутренние болезни 3.3.3. Патологическая физиология,Нестерович Ирина Ивановна,Власов Тимур Дмитриевич,2023,кандидат медицинских наук,,
Бурыгина Екатерина Васильевна,07.2.002.01 (Д 215.002.01),Клинико–иммунологическая характеристика и методы диагностики аутоиммунной формы хронической крапивницы,15.05.2023,3.1.23. Дерматовенерология 3.2.7. Аллергология и иммунология,Разнатовский Константин Игоревич,Козлова Яна Игоревна,2023,кандидат медицинских наук,,
Касьяненко Кристина,07.2.002.01 (Д 215.002.01),"Прогнозирование течения инфекции, вызванной SARS–CoV–2, у лиц молодого возраста с использованием искусственного интеллекта",15.05.2023,3.1.22. Инфекционные болезни,Козлов Константин Вадимович,–,2023,кандидат медицинских наук,,
Манашева Елизавета Борисовна,07.2.002.01 (Д 215.002.01),Нейросифилис у ВИЧ–инфицированных пациентов: клинико–эпидемиологические характеристики и особенности диагностики,15.05.2023,3.1.23. Дерматовенерология,Красносельских Татьяна Валерьевна,–,2023,кандидат медицинских наук,,
Гарюткина Любовь Валерьевна,07.2.002.02 (Д 215.002.02),"Ограниченная склеродермия. Клинико–морфологические, иммунологические и иммуногистохимические особенности",22.05.2023,3.3.2. Патологическая анатомия; 3.1.23. Дерматовенерология,Сыдиков Акмал Абдикахарович,Засланский Денис Владимирович,2023,кандидат медицинских наук,,
Кошевая Елена Григорьевна,07.2.002.02 (Д 215.002.02),Морфологическая характеристика лёгочной артерии и её ветвей при лёгочной артериальной гипертензии (клинико–экспериментальное исследование),22.05.2023,3.3.2. Патологическая анатомия,Митрофанова Любовь Борисовна,–,2023,кандидат медицинских наук,,
Жеребцов Евгений Сергеевич,07.2.002.06 (Д 215.002.14),Современные технологии диагностики и лечения в профилактике резидуального холедохолитиаза,05.06.2023,3.1.9. Хирургия,Ромащенко Павел Николаевич,–,2023,кандидат медицинских наук,,
Кулемин Евгений Сергеевич,07.2.002.06 (Д 215.002.14),Защита миокарда при операциях на сердце у новорождённых и детей грудного возраста,05.06.2023,3.1.15. Сердечно–сосудистая хирургия,Марченко Сергей Павлович,–,2023,кандидат медицинских наук,,
Толстой Олег Анатольевич,07.2.002.08,Дисфункция иммунной системы и её коррекция при интенсивных физических нагрузках (экспериментально–клиническое исследование),06.06.2023,3.3.3. Патологическая физиология,Цыган Василий Николаевич,–,2023,кандидат медицинских наук,,
Шерстенникова Александра Константиновна,07.2.002.08,Роль молекул адгезии в патогенезе псориаза,06.06.2023,3.3.3. Патологическая физиология 3.1.23. Дерматовенерология,Николаев Валентин Иванович,Кашутин Сергей Леонидович,2023,доктор медицинских наук,,
Рябцев Александр Владимирович,07.2.002.07,Современные возможности диагностики и профилактики клинических типов послеоперационной мозговой дисфункции при хирургической коррекции приобретенных пороков аортального клапана,06.06.2023,3.1.24. Неврология,Литвиненко Игорь Вячеславович,–,2023,кандидат медицинских наук,,
Бельцева Юлия Андреевна,07.2.002.07,"Клинические и социально–психологические характеристики лиц пожилого возраста, страдающих психическими расстройствами, с явлениями госпитализма",06.06.2023,3.1.17. Психиатрия и наркология,Залуцкая Наталья Михайловна,–,2023,кандидат медицинских наук,,
Голованов Андрей Евгеньевич,07.2.002.05 (Д 215.002.09),Комплексная оценка и коррекция предрасположенности к болезни движения в аспекте функционального состояния вестибулярной системы,09.06.2023,3.1.3. Оториноларингология,Дворянчиков Владимир Владимирович,–,2023,доктор медицинских наук,,
Артебякин Сергей Владимирович,07.2.002.09,Эпидемиологический мониторинг сезонных воздушно–капельных инфекций в организованных воинских коллективах,16.06.2023,3.2.2. Эпидемиология,Кузин Александр Александрович,–,2023,кандидат медицинских наук,,адъюнкт
Черная Мария Евгеньевна,07.2.002.03 (Д 215.002.06),Вариабельность гликемии у пациентов с сахарным диабетом 1 типа и оптимизация инсулинотерапии методом постоянной подкожной инфузии инсулина,19.06.2023,3.1.19. Эндокринология,Волкова Анна Ральфовна,–,2023,кандидат медицинских наук,,
Аликбаев Тимур Зарифович,07.2.002.01 (Д 215.002.01),Пациент–ориентированный подход применения генно–инженерной биологической терапии в лечении среднетяжелой и тяжелой форм псориаза,19.06.2023,3.1.23. Дерматовенерология,Разнатовский Константин Игоревич,–,2023,кандидат медицинских наук,,
Сенькина Екатерина Ивановна,07.2.002.03 (Д 215.002.06),Оценка отдаленных результатов коронарного стентирования и роль сосудистого эндотелиального фактора роста–А в течении различных форм ишемической болезни сердца,19.06.2023,3.1.20. Кардиология,Тишко Валерий Владимирович,–,2023,кандидат медицинских наук,,
Исаев Джамалудин Магомедрасулович,07.2.002.02 (Д 215.002.02),Анатомическое обоснование оперативных вмешательств при повреждениях общего малоберцового нерва и основных его ветвей (анатомо–клиническое исследование),19.06.2023,3.3.1. Анатомия человека 3.1.10. Нейрохирургия,Гайворонский Иван Васильевич,Гайворонский Алексей Иванович,2023,кандидат медицинских наук,,
Кулагина Анастасия Павловна,07.2.002.01 (Д 215.002.01),"Молекулярно–генетическая, эпидемиологическая и клинико–лабораторная характеристика острых форм иксодовых клещевых боррелиозов, ближайшие и отдаленные исходы болезни",19.06.2023,3.1.22. Инфекционные болезни,Суздальцев Алексей Александрович,–,2023,кандидат медицинских наук,,
Данг Куок Гуй,07.2.002.08,Психофизиологическое обоснование методики подготовки к полетам с пилотажными перегрузками летчиков Социалистической Республики Вьетнам,20.06.2023,"3.3.7. Авиационная, космическая и морская медицина",Благинин Андрей Александрович,–,2023,кандидат медицинских наук,,адъюнкт
Блаженко Александра Александровна,07.2.002.04 (Д 215.002.07) (Закрыт с 10.05.2024),Действие гормональных препаратов на нейропептидные системы Danio rerio в условиях стресса,12.09.2023,"3.3.6. Фармакология, клиническая фармакология",Шабанов Петр Дмитриевич,–,2023,кандидат медицинских наук,,
Сташина Елена Владимировна,07.2.002.04 (Д 215.002.07) (Закрыт с 10.05.2024),"Оценка влияния М– и Н–холинотропных препаратов на постнатальное развитие нейроповеденческих реакций, процессов обучения и памяти",12.09.2023,"3.3.6. Фармакология, клиническая фармакология",Байрамов Алекбер Азизович,–,2023,кандидат медицинских наук,,
Коршунова Александра Александровна,07.2.002.03 (Д 215.002.06),Тромбо–геморрагические осложнения у больных с тяжелой формой новой коронавирусной инфекции COVID–19,18.09.2023,3.1.18. Внутренние болезни,Куликов Александр Николаевич,–,2023,кандидат медицинских наук,,
Лискер Анна Владимировна,07.2.002.03 (Д 215.002.06),Предикторы эффективности управления гликемией у пациентов с сахарным диабетом 2 типа на различных режимах инсулинотерапии,18.09.2023,3.1.19. Эндокринология,Волкова Анна Ральфовна,–,2023,кандидат медицинских наук,,
Буряк Андрей Борисович,07.2.002.07,Депонирование железа в базальных ганглиях и его влияние на течение болезни Паркинсона,19.09.2023,3.1.24. Неврология,Труфанов Артем Геннадьевич,–,2023,кандидат медицинских наук,,
Брусенцова Анна Евгеньевна,07.2.002.08,Особенности патогенеза пародонтита при болевом синдроме,19.09.2023,3.3.3. Патологическая физиология,Ляшев Юрий Дмитриевич,–,2023,кандидат медицинских наук,,
Соболев Иван Викторович,07.2.002.04 (Д 215.002.07) (Закрыт с 10.05.2024),Влияние функциональной активности щитовидной железы на течение и прогноз рака яичников (экспериментально–клиническое исследование),26.09.2023,"3.3.6. Фармакология, клиническая фармакология и специальности 3.3.3. Патологическая физиология",Шабанов Петр Дмитриевич,Глушаков Руслан Иванович,2023,кандидат медицинских наук,,
Голобородько Виктория Юрьевна,07.2.002.04 (Д 215.002.07) (Закрыт с 10.05.2024),Дифференцированный подход к анестезиологической помощи при нейрохирургических вмешательствах на поясничном отделе позвоночника у пациентов с факторами высокого риска,26.09.2023,3.1.12. Анестезиология и реаниматология 3.1.10. Нейрохирургия,Щеголев Алексей Валерианович,Бывальцев Вадим Анатольевич,2023,кандидат медицинских наук,,
Трапезникова Елена Геннадьевна,07.2.002.10,Эффективность экспериментальной терапии острого токсического гепатита с использованием мезенхимальных стволовых клеток,06.10.2023,3.3.4. Токсикология,Шилов Виктор Васильевич,–,2023,кандидат медицинских наук,,
Пронин Валерий Дмитриевич,07.2.002.01 (Д 215.002.01),Персонализированная медико–психологическая реабилитация военнослужащих в военных санаторно–курортных организациях,09.10.2023,"3.1.33. Восстановительная медицина, спортивная медицина, лечебная физкультура, курортология и физиотерапия",Ковлен Денис Викторович,–,2023,кандидат медицинских наук,,
Хостелиди Софья Николаевна,07.2.002.01 (Д 215.002.01),"Тяжелые грибковые инфекции, вызванные редкими возбудителями",09.10.2023,3.1.22. Инфекционные болезни,Климко Николай Николаевич,–,2023,доктор медицинских наук,,
Церцвадзе Лана Кахаберовна,07.2.002.03 (Д 215.002.06),"Маркёры эндотелиальной дисфункции, преждевременного ангиологического старения и кардиометаболического риска у юношей с абдоминальным ожирением",16.10.2023,3.1.19. Эндокринология,Авдеева Марина Владимировна,–,2023,кандидат медицинских наук,,
Кузнецов Максим Сергеевич,07.2.002.05 (Д 215.002.09),"Акустическое повреждение органа слуха шумом высокой интенсивности: диагностика, лечение, профилактика",16.10.2023,3.1.3. Оториноларингология,Дворянчиков Владимир Владимирович,Логаткин Станислав Михайлович,2023,доктор медицинских наук,,
Попов Евгений Михайлович,07.2.002.05 (Д 215.002.09),Оценка современных методов диагностики и лечения при сквозном макулярном разрыве,16.10.2023,3.1.5. Офтальмология,Куликов Алексей Николаевич,–,2023,кандидат медицинских наук,,
Фомина Елена Святославна,07.2.002.03 (Д 215.002.06),Дисфункция миокарда у больных артериальной гипертензией со старческой астенией,16.10.2023,3.1.20. Кардиология,Никифоров Виктор Сергеевич,–,2023,кандидат медицинских наук,,
Самедов Вадим Бейбалаевич,07.2.002.06 (Д 215.002.14),Оценка эффективности хирургического лечения больных хроническим медленно–транзитным запором,23.10.2023,3.1.9. Хирургия,Ромащенко Павел Николаевич,–,2023,кандидат медицинских наук,,
Сушина Ирина Викторовна,07.2.002.06 (Д 215.002.14),Выбор метода малоинвазивного хирургического лечения больных с доброкачественной гиперплазией предстательной железы больших объемов,20.11.2023,3.1.13. Урология и андрология,Попов Сергей Валерьевич,–,2023,кандидат медицинских наук,,
Нгуен Ван Тху,07.2.002.06 (Д 215.002.14),Применение циторедуктивной хирургии у больных осложненными диссеминированными опухолями брюшной полости и малого таза в многопрофильном стационаре,20.11.2023,"3.1.9. Хирургия, 3.1.6. Онкология, лучевая терапия",Суров Дмитрий Александрович,Соловьев Иван Анатольевич,2023,кандидат медицинских наук,,
Ерохина Алина Артуровна,07.2.002.02 (Д 215.002.02),Оценка стволовых клеток аденокарциномы толстой кишки с позиции прогноза заболевания,20.11.2023,"3.3.2. Патологическая анатомия, 3.1.6. Онкология, лучевая терапия",Чирский Вадим Семенович,Сазонов Алексей Андреевич,2023,кандидат медицинских наук,,
Ягмуров Мурад Оразмурадович,07.2.002.02 (Д 215.002.02),Клинико–экспертная характеристика содержания медицинской документации пострадавших с повреждением лица и сотрясением головного мозга,20.11.2023,"3.3.5. Судебная медицина, 3.1.2. Челюстно–лицевая хирургия",Толмачев Игорь Анатольевич,Иорданишвили Андрей Константинович,2023,кандидат медицинских наук,,
Симонова Мария Сергеевна,07.2.002.06 (Д 215.002.14),Обоснование применения интегральной диагностической шкалы в хирургии щитовидной железы,11.12.2023,3.1.9. Хирургия,Ромащенко Павел Николаевич,–,2023,кандидат медицинских наук,,
Леденцова Светлана Сергеевна,07.2.002.03 (Д 215.002.06),Клиническая характеристика внекишечных проявлений и оптимизация терапевтических мероприятий у больных целиакией,19.12.2023,3.1.18. Внутренние болезни,Гуляев Николай Иванович,–,2023,кандидат медицинских наук,,
Линец Алла Владимировна,07.2.002.01 (Д 215.002.01),Новые молекулярно–генетические особенности атипичных невусов и злокачественной меланомы кожи,19.12.2023,"3.1.23. Дерматовенерология 3.1.6 Онкология, лучевая терапия",Хайрутдинов Владислав Ринатович,Имянитов Евгений Наумович,2023,кандидат медицинских наук,,
Минаков Алексей Александрович,07.2.002.03 (Д 215.002.06),Клинические и метаболические особенности пневмоний различной этиологии у лиц молодого и среднего возраста с ожирением,19.12.2023,3.1.18. Внутренние болезни,Салухов Владимир Владимирович,–,2023,кандидат медицинских наук,,
Павлова Анна Геннадьевна,07.2.002.01 (Д 215.002.01),Особенности клиники и дифференциальной диагностики невуса Сеттона в группе дисхромий,19.12.2023,3.1.23. Дерматовенерология,Ключарева Светлана Викторовна,–,2023,кандидат медицинских наук,,
Вахлевский Виталий Васильевич,07.2.002.03 (Д 215.002.06),Особенности течения ревматических заболеваний на фоне новой коронавирусной инфекции,15.01.2024,3.1.18. Внутренние болезни,Тыренко Вадим Витальевич,–,2024,кандидат медицинских наук,,адъюнкт
Горзий Таисия Сергеевна,07.2.002.08,Индивидуальные особенности развития эмоционального стресса в зависимости от полоролевой идентичности личности,30.01.2024,3.3.3. Патологическая физиология,Денисенко Наталия Петровна,–,2024,кандидат медицинских наук,,
Костенко Ирина Александровна,07.2.002.08,Характеристика биоэлектрической активности головного мозга при действии депримирующих веществ,30.01.2024,"3.3.3. Патологическая физиология, 3.3.4. Токсикология",Александров Михаил Всеволодович,Черный Валерий Станиславович,2024,кандидат медицинских наук,,
Имаева Альфия Камилевна,07.2.002.02 (Д 215.002.02),Патологоанатомическая диагностика острого деструктивного панкреатита с поражением внеорганной жировой ткани,05.02.2024,3.3.2. Патологическая анатомия,Мустафин Тагир Исламнурович,–,2024,доктор медицинских наук,,
Траль Татьяна Георгиевна,07.2.002.02 (Д 215.002.02),Морфогенез имплантации и гравидарной трансформации эндометрия у пациенток с хроническим эндометритом,05.02.2024,3.3.2. Патологическая анатомия,Толибова Гулрухсор Хайбуллоевна,–,2024,доктор медицинских наук,,
Мудров Валерий Павлович,07.2.002.09,"Мукозальная иммунная система в диагностике, лечении и прогнозе хронического пародонтита",09.02.2024,3.3.8. Клиническая лабораторная диагностика,Казаков Сергей Петрович,–,2024,доктор медицинских наук,,
Мясников Никита Игоревич,07.2.002.06 (Д 215.002.14),Обоснование применения неоперативного лечения при закрытой травме живота с повреждением селезенки,19.02.2024,3.1.9. Хирургия,Самохвалов Игорь Маркеллович,–,2024,кандидат медицинских наук,,
Дмитроченко Иван Валерьевич,07.2.002.06 (Д 215.002.14),Эндовидеохирургическое лечение неинвазивных опухолей вилочковой железы,19.02.2024,"3.1.9. Хирургия 3.1.6. Онкология, лучевая терапия",Дзидзава Илья Игоревич,Левченко Евгений Владимирович,2024,кандидат медицинских наук,,
Холкина Александра Александровна,07.2.002.03 (Д 215.002.06),"Факторы, влияющие на приверженность к лечению коморбидных пациентов после ранее перенесенного острого коронарного синдрома",18.03.2024,3.1.18. Внутренние болезни,Исаков Владимир Анатольевич,–,2024,кандидат медицинских наук,,
Михайлов Алексей Анатольевич,07.2.002.03 (Д 215.002.06),Метаболические и сосудистые аспекты дисфункции жировой ткани у мужчин с ожирением и нормальной массой тела,18.03.2024,3.1.18. Внутренние болезни,Гайдук Сергей Валентинович,–,2024,кандидат медицинских наук,,
Миронов Илья Васильевич,07.2.002.03 (Д 215.002.06),"Клинико–диагностическое и прогностическое значение длины теломер, активности фермента теломеразы при пневмониях различной этиологии",18.03.2024,3.1.18. Внутренние болезни,Макиев Руслан Гайозович,–,2024,кандидат медицинских наук,,
Грицкова Инна Александровна,07.2.002.01 (Д 215.002.01),Карипаин–ультрафонофорез в коррекции рубцов кожи,01.04.2024,"3.1.23. Дерматовенерология, 3.1.33. Восстановительная медицина, спортивная медицина, лечебная физкультура, курортология и физиотерапия, медико–социальная реабилитация",Пономаренко Инга Геннадьевна,Черкашина Ирина Викторовна,2024,кандидат медицинских наук,,
Екимов Виталий Викторович,07.2.002.03 (Д 215.002.06),Показатели центральной гемодинамики у больных с синдромом обструктивного апноэ сна тяжёлой степени и их изменение при проведении СИПАП–терапии,22.04.2024,3.1.18. Внутренние болезни,Кучмин Алексей Николаевич,–,2024,кандидат медицинских наук,,
Кривошеева Юлия Григорьевна,07.2.002.03 (Д 215.002.06),Гормональные и клинические нарушения у пациентов с макроаденомами гипофиза,22.04.2024,3.1.19. Эндокринология,Иловайская Ирэна Адольфовна,–,2024,кандидат медицинских наук,,
Лемещенко Алексей Викторович,07.2.002.08,Фенотипическая адаптация и ее генетическая компонента у военнослужащих в экстремальных условиях Арктической зоны,23.04.2024,3.3.3. Патологическая физиология 3.3.8. Клиническая лабораторная диагностика,Цыган Василий Николаевич,Гурина Ольга Ивановна,2024,доктор медицинских наук,,
Хоанг Ван Тхан,07.2.002.09,Особенности эпидемиологического мониторинга заболеваемости в регионах с жарким климатом,23.04.2024,3.2.2. Эпидемиология,Кузин Александр Александрович,–,2024,кандидат медицинских наук,,
Хоминец Владимир Владимирович,07.2.002.09,Совершенствование организации работы больниц скорой медицинской помощи,23.04.2024,"3.2.3. Общественное здоровье, организация и социология здравоохранения, медико–социальная экспертиза 3.2.6. Безопасность в чрезвычайных ситуациях",Барсукова Ирина Михайловна,Гудзь Юрий Владимирович,2024,кандидат медицинских наук,,
Толокнова Виолетта Александровна,07.2.002.05 (Д 215.002.09),Сравнение эффективности лечения экспериментальной персистирующей эрозии роговицы обогащенной тромбоцитами плазмой и двухкомпонентным аутофибриновым клеем,13.05.2024,3.1.5. Офтальмология,Чурашов Сергей Викторович,–,2024,кандидат медицинских наук,,
Хайбрахманов Тимур Рамилевич,07.2.002.05 (Д 215.002.09),Хирургическое лечение полных макулярных отверстий большого диаметра модифицированным методом перевернутого клапана внутренней пограничной мембраны,13.05.2024,3.1.5. Офтальмология,Самойлов Александр Николаевич,–,2024,кандидат медицинских наук,,
Ермоленко Татьяна Валериевна,07.2.002.01 (Д 215.002.01),Научные основы формирования системы медико–социальной реабилитации инвалидов в Российской Федерации,14.05.2024,"3.1.33. Восстановительная медицина, спортивная медицина, лечебная физкультура, курортология и физиотерапия, медико–социальная реабилитация",Пономаренко Геннадий Николаевич,–,2024,доктор медицинских наук,,
Кучев Рафик Джабраилович,07.2.002.03 (Д 215.002.06),Возможности дифференцированного подхода к хирургическому лечению местнораспространённого рака органов брюшной полости у пациентов с различной степенью кардиоваскулярного риска,20.05.2024,3.1.20. Кардиология 3.1.9. Хирургия,Шуленин Константин Сергеевич,Соловьёв Иван Анатольевич,2024,кандидат медицинских наук,,
Кольцов Андрей Валентинович,07.2.002.03 (Д 215.002.06),"Сердечная недостаточность: эпидемиология в условиях мегаполиса, совершенствование технологий мониторинга и лечения",20.05.2024,3.1.20. Кардиология,Тыренко Вадим Витальевич,–,2024,доктор медицинских наук,,
Кривцов Андрей Владимирович,07.2.002.08,Влияние биоэлементного статуса на функциональное состояние организма военнослужащих Северного флота,21.05.2024,"3.3.7. Авиационная, космическая и морская медицина",Болехан Василий Николаевич,–,2024,кандидат медицинских наук,,
Попов Андрей Александрович,07.2.002.08,Низкотемпературная воздушная плазма коронного разряда в электрическом поле для лечения кожных ран,21.05.2024,3.3.3. Патологическая физиология,Зиновьев Евгений Владимирович,–,2024,кандидат медицинских наук,,
Марков Александр Викторович,07.2.002.07,Психические расстройства у потребителей синтетических катинонов на этапе становления ремиссии (клинико–психопатологические и реабилитационные аспекты),21.05.2024,3.1.17. Психиатрия и наркология,Курасов Евгений Сергеевич,–,2024,кандидат медицинских наук,,
Горенчук Алексей Николаевич,07.2.002.09,Эпидемиология и профилактика аэрозольных антропонозов в организованных коллективах на фоне пандемии новой коронавирусной инфекции,14.06.2024,3.2.2. Эпидемиология,Жоголев Сергей Дмитриевич,–,2024,кандидат медицинских наук,,адъюнкт
Никитин Юрий Владимирович,07.2.002.09,Характеристика иммунологических показателей и их прогностическая значимость у пациентов с COVID–19 различной степени тяжести,14.06.2024,3.3.8. Клиническая лабораторная диагностика,Грашин Роман Арикович,–,2024,кандидат медицинских наук,,
Буйнова Мария Олеговна,07.2.002.03 (Д 215.002.06),Функциональное состояние гипофизарно–адреналовой и ренин–альдостероновой систем у больных после хирургического лечения по поводу объемных образований надпочечников,17.06.2024,3.1.19. Эндокринология 3.3.8. Клиническая лабораторная диагностика,Ворохобина Наталья Владимировна,Великанова Людмила Иосифовна,2024,кандидат медицинских наук,,
Калугина Валентина Викторовна,07.2.002.03 (Д 215.002.06),Взаимосвязь результатов лечения адренокортикального рака и стероидного метаболома мочи на основе метода газовой хромато–масс–спектрометрии,17.06.2024,3.1.19. Эндокринология 3.3.8. Клиническая лабораторная диагностика,Ворохобина Наталья Владимировна,Великанова Людмила Иосифовна,2024,кандидат медицинских наук,,
Просветов Вадим Алексеевич,07.2.002.02 (Д 215.002.02),Регионарные особенности строения диафрагмы в аспекте перитонэктомии при карциноматозе брюшины (анатомо–клиническое исследование),27.06.2024,3.3.1 Анатомия и антропология 3.1.9. Хирургия,Гайворонский Иван Васильевич,Суров Дмитрий Александрович,2024,кандидат медицинских наук,,
Попов Александр Андреевич,07.2.002.06 (Д 215.002.14),Современная диагностика и хирургическая тактика при жидкостных образованиях поджелудочной железы,16.09.2024,3.1.9. Хирургия,Лазуткин Максим Витальевич,–,2024,кандидат медицинских наук,,
Курапеев Дмитрий Ильич,07.2.002.06 (Д 215.002.14),Совершенствование противоишемической защиты миокарда при операциях коронарного шунтирования в условиях искусственного кровообращения в рамках трансляционного исследования,16.09.2024,3.1.15. Сердечно–сосудистая хирургия,Шляхто Евгений Владимирович,–,2024,доктор медицинских наук,,
Братилова Екатерина Сергеевна,07.2.002.03 (Д 215.002.06),Особенности течения новой коронавирусной инфекции (COVID–19) у лиц молодого и среднего возраста с факторами риска сердечно–сосудистых заболеваний,16.09.2024,3.1.20. Кардиология,Качнов Василий Александрович,–,2024,кандидат медицинских наук,,
Ковалева Ольга Александровна,07.2.002.03 (Д 215.002.06),Особенности центральной и периферической гемодинамики на ранних стадиях формирования артериальной гипертензии,16.09.2024,3.1.18. Внутренние болезни,Горячева Анна Александровна,–,2024,кандидат медицинских наук,,
Соболев Андрей Валентинович,07.2.002.01 (Д 215.002.01),Научные основы медико–психологической реабилитации пациентов со стресс–ассоциированными расстройствами,16.09.2024,"3.1.33. Восстановительная медицина, спортивная медицина, лечебная физкультура, курортология и физиотерапия, медико–социальная реабилитация",Пономаренко Геннадий Николаевич,–,2024,доктор медицинских наук,,
Исрафилов Загир Маллараджабович,07.2.002.08,Состояние функций организма человека при дыхании газовыми смесями с высоким парциальным давлением кислорода,17.09.2024,"3.3.7. Авиационная, космическая и морская медицина",Зверев Дмитрий Павлович,–,2024,кандидат медицинских наук,,
Чеботарёв Сергей Валерьевич,07.2.002.08,Оценка эффективности остеоперфоративных методик у пациентов с дефектами суставного хряща и поиск новых путей их лечения (клинико–экспериментальное исследование),17.09.2024,3.3.3. Патологическая физиология 3.1.8. Травматология и ортопедия,Калюжная–Земляная Лидия Ивановна,Кудяшев Алексей Леонидович,2024,,,
Орлов Юрий Викторович,07.2.002.10,Сравнительная оценка эффективности дисульфида глутатиона и адеметионина при лечении токсических поражений печени и профилактике их осложнений (клинико–экспериментальное исследование),19.09.2024,3.3.4. Токсикология 3.1.18. Внутренние болезни,Кузьмич Владимир Геннадьевич,Гайдук Сергей Валентинович,2024,кандидат медицинских наук,,
Исмагилов Тимур Наилевич,07.2.002.05 (Д 215.002.09),Экспериментально–клиническое обоснование применения нового способа адаптивного управления инфузией при факоэмульсификации,23.09.2024,3.1.5. Офтальмология,Азнабаев Булат Маратович,–,2024,кандидат медицинских наук,,
Котив Андрей Богданович,07.2.002.02 (Д 215.002.02),Обоснование способов сосудистой реконструкции при резекции мезентерико–портального венозного сегмента (анатомо–клиническое исследование),23.09.2024,3.3.1. Анатомия и антропология 3.1.9. Хирургия,Гайворонский Иван Васильевич,Дзидзава Илья Игоревич,2024,,,
Воложев Александр Аркадьевич,07.2.002.05 (Д 215.002.09),Лечение промежуточной стадии (AREDS 3) сухой формы возрастной макулярной дегенерации с применением экстракорпорального реоафереза,23.09.2024,3.1.5. Офтальмология,Куликов Алексей Николаевич,–,2024,,,адъюнкт
Ордынец Станислав Витальевич,07.2.002.06 (Д 215.002.14),Эффективность хирургического лечения патологии ветвей дуги аорты в комплексной реабилитации больных в периоде острого ишемического инсульта,30.09.2024,3.1.15. Сердечно–сосудистая хирургия,Дуданов Иван Петрович,–,2024,доктор медицинских наук,,
Кучеров Александр Сергеевич,07.2.002.09,Особенности эпидемиологического надзора за заболеваемостью граждан в период адаптации к военной службе,11.10.2024,3.2.2. Эпидемиология,Кузин Александр Александрович,–,2024,,,
Хубулава Алексей Геннадьевич,07.2.002.06 (Д 215.002.14),Гемодинамические и клинические особенности непосредственных и отдалённых результатов чрезкожной имплантации аортального клапана,14.10.2024,3.1.15. Сердечно–сосудистая хирургия,Марченко Сергей Павлович,–,2024,кандидат медицинских наук,,
Гринёва Екатерина Михайловна,07.2.002.01 (Д 215.002.01),Ограниченные формы склеродермии и патология щитовидной железы: особенности течения и терапии,14.10.2024,3.1.23. Дерматовенерология,Корнишева Вера Гавриловна,–,2024,,,
Гаврилюк Тимофей Васильевич,07.2.002.01 (Д 215.002.01),Клинико–экспериментальное обоснование этиотропной терапии эхинококкоза печени на ранних стадиях развития заболевания,14.10.2024,3.1.22. Инфекционные болезни 1.5.17. Паразитология,Жданов Константин Валерьевич,Козлов Сергей Сергеевич,2024,,,адъюнкт
Фам Хонг Бак,07.2.002.08,Психофизиологическое обоснование профессионального отбора военно–морских специалистов в Народный Военно–морской флот Вооруженных Сил Социалистической Республики Вьетнам,15.10.2024,"3.3.7. Авиационная, космическая и морская медицина",Сысоев Владимир Николаевич,–,2024,кандидат медицинских наук,,
Пюрвеев Сарнг Саналович,07.2.002.08,Патофизиологические механизмы действия стресс–факторов на развитие компонентов игровой зависимости у крыс и их коррекция пептидными регуляторами,15.10.2024,"3.3.3. Патологическая физиология, 3.3.6. Фармакология, клиническая фармакология",Васильев Андрей Глебович,Глушаков Руслан Иванович,2024,кандидат медицинских наук,,
Никифорова Любовь Геннадьевна,07.2.002.07,Нарушения церебрального венозного кровообращения в остром периоде ишемического инсульта,15.10.2024,3.1.24. Неврология,Лобзин Владимир Юрьевич,–,2024,,,
Абдулаев Шамиль Казимагомедович,07.2.002.10,Функциональная магнитно–резонансная томография состояния покоя головного мозга в оценке нейросетевых изменений при опиоидной наркомании,17.10.2024,3.1.25. Лучевая диагностика,Тарумов Дмитрий Андреевич,–,2024,кандидат медицинских наук,,
Богданов Дмитрий Сергеевич,07.2.002.03 (Д 215.002.06),"Состояние центрального и периферического кровообращения у лиц молодого и среднего возраста, перенесших новую коронавирусную инфекцию, в зависимости от полиморфных вариантов генов ренин–ангиотензин–альдостероновой системы",21.10.2024,3.1.20. Кардиология,Черкашин Дмитрий Викторович,–,2024,,,адъюнкт
Волошин Никита Игоревич,07.2.002.03 (Д 215.002.06),Оценка эффективности различных схем глюкокортикостероидной терапии в лечении COVID–19 среднетяжелого и тяжелого течения (клинико–экспериментальное исследование),21.10.2024,3.1.18. Внутренние болезни,Салухов Владимир Владимирович,–,2024,,,адъюнкт
Шаяхметов Рауан Ержанович,07.2.002.06 (Д 215.002.14),Современный подход в хирургическом лечении инфекционных осложнений синдрома диабетической стопы,02.12.2024,3.1.9. Хирургия,Ивануса Сергей Ярославович,–,2024,кандидат медицинских наук,,
Ким Алексей Евгеньевич,07.2.002.08,Патогенетическое обоснование фармакологической коррекции резистентности организма к комплексному воздействию неблагоприятных факторов,24.12.2024,"3.3.3. Патологическая физиология 3.3.6. Фармакология, клиническая фармакология",,,2024,,,
Петросян Александр Львович,07.2.002.08,Экспериментальное обоснование применения сулодексида при бисфосфонатном остеонекрозе челюсти,24.12.2024,3.3.3. Патологическая физиология 3.1.2. Челюстно–лицевая хирургия,,,2024,,,
Овчинников Вениамин Юрьевич,07.2.002.05 (Д 215.002.09),Повышение эффективности лечения острых риносинуситов с помощью воздействия на мукоцилиарный транспорт вентиляцией полости носа постоянным положительным давлением,,3.1.3. Оториноларингология,,,,,,
Спиридонов Алексей Викторович, 07.2.002.07, Прогнозирование и профилактика дегенеративного заболевания смежного проксимального сегмента при выполнении поясничного трансфораминального спондилодеза,,3.1.10. Нейрохирургия,,,,,,
Туниманов Петр Георгиевич, 07.2.002.07,"Возможности профилактики и устранения кожных дефектов, осложнивших краниопластику",,3.1.10. Нейрохирургия,,,,,,
Ясеновец Мария Владимировна, 07.2.002.03 (Д 215.002.06),Особенности сочетанных изменений структурно–функционального состояния глазного дна и почек при неосложнённом течении гипертонической болезни,,3.1.18. Внутренние болезни,,,,,,
Лысков Никита Вадимович, 07.2.002.05 (Д 215.002.09),Профилактика и лечение альвеолита челюстей с использованием современных отечественных лекарственных средств,,3.1.7. Стоматология,,,,,,
Меньшикова Александра Николаевна, 07.2.002.03 (Д 215.002.06),"Клинико–функциональные особенности и варианты прогнозирования легочной гипертензии, развившейся в подостром периоде инфаркта миокарда у мужчин молодого и среднего возраста",,3.1.18. Внутренние болезни,,,,,,
Федоров Кирилл Сергеевич, 07.2.002.06 (Д 215.002.14),Первично–множественные синхронные новобразования груди и живота (диагностика и хирургическая тактика),,"3.1.9. Хирургия и 3.1.6. Онкология, лучевая терапия",,,,,,
Тюрюпов Марк Сергеевич, 07.2.002.03 (Д 215.002.06),"Нелипидные генетические предикторы развития инфаркта миокарда у пациентов с гипертонической болезнью, перенесших инфекцию, вызванную SARS–CoV–2",,3.1.20. Кардиология,,,,,,
Лебедев Максим Александрович, 07.2.002.03 (Д 215.002.06),Изменения системы гемостаза у пациентов со структурно–функциональными нарушениями печени на фоне хронической сердечной недостаточности,,3.1.18. Внутренние болезни,,,,,,
Казак Алина Алексеевна, 07.2.002.05 (Д 215.002.09), Оптическая когерентная томография переднего сегмента глаза в оценке эффективности селективной лазерной трабекулопластики,,3.1.5. Офтальмология,,,,,,
